OBJECTID,UIDENTSTLAE,ULAND,UREGBEZ,UKREIS,UGEMEINDE,UJAHR,UMONAT,USTUNDE,UWOCHENTAG,UKATEGORIE,UART,UTYP1,ULICHTVERH,IstRad,IstPKW,IstFuss,IstKrad,IstGkfz,IstSonstige,LINREFX,LINREFY,XGCSWGS84,YGCSWGS84,STRZUSTAND,index_right,FID,SBZ,Name
116626,14200910144200740790,14,7,13,000,2020,09,15,5,2,5,3,0,0,1,0,1,0,0,"730962,876000000160000","5697338,221000000800000",12.319101966000062,51.38022628600004,0,8,8,8,Nordwest
116658,14200909148410764210,14,7,13,000,2020,09,15,4,3,3,6,0,0,1,0,0,0,1,"735888,036000000310000","5693727,558499999300000",12.387354032000076,51.34579166200007,0,0,0,0,Mitte
116660,14200918148410764200,14,7,13,000,2020,09,11,6,3,2,6,0,0,1,0,0,0,1,"736426,958700000310000","5693420,659499999100000",12.394874624000067,51.342813026000044,0,0,0,0,Mitte
116698,14200825148410706030,14,7,13,000,2020,08,20,3,3,0,1,2,0,0,0,1,0,0,"733966,630300000310000","5693228,808100000000000",12.359486060000052,51.34210860500008,0,0,0,0,Mitte
116705,14201007144200814950,14,7,13,000,2020,10,15,4,3,5,3,0,0,1,0,0,1,0,"726968,930300000120000","5686122,744799999500000",12.254663010000058,51.28115060200008,0,5,5,5,Südwest
116708,14200810143263730860,14,7,13,000,2020,08,19,2,3,0,7,0,1,0,0,0,0,0,"736409,497000000440000","5692667,207000000400000",12.394124268000041,51.336057158000074,0,3,3,3,Südost
116716,14201012144200832410,14,7,13,000,2020,10,13,2,3,0,7,0,0,0,0,0,0,1,"738842,644199999980000","5689152,979299999800000",12.426636291000023,51.30349719700007,0,3,3,3,Südost
116762,14201004144200811190,14,7,13,000,2020,10,12,1,3,5,7,0,0,1,0,0,0,0,"729997,313000000080000","5697071,752000000300000",12.305078516000037,51.378226135000034,0,8,8,8,Nordwest
116776,14201002144200811180,14,7,13,000,2020,10,21,6,3,4,2,2,0,1,0,0,0,0,"727748,877399999650000","5690168,753399999800000",12.268408935000025,51.317162074000066,0,6,6,6,West
116785,14200829144310719780,14,7,13,000,2020,08,14,7,3,2,6,0,0,1,0,0,0,0,"743378,935100000350000","5695183,023399999400000",12.495706923000057,51.35569761200003,0,2,2,2,Ost
116814,14200826148410696530,14,7,13,000,2020,08,17,4,3,5,6,0,1,0,0,0,0,0,"734867,000799999570000","5693489,126599999100000",12.372562016000074,51.34407413100007,0,0,0,0,Mitte
116823,14200914149410752040,14,7,13,000,2020,09,16,2,3,5,3,0,1,1,0,0,0,0,"739432,908699999560000","5695245,300000000700000",12.439181696000048,51.35793273300004,0,2,2,2,Ost
116856,14200808144310685770,14,7,13,000,2020,08,17,7,2,9,1,0,0,0,0,1,0,0,"735514,787899999880000","5700383,782900000000000",12.386414721000051,51.40569415700003,0,9,9,9,Nord
116863,14200819148210680221,14,7,13,000,2020,08,13,4,3,6,6,0,1,0,1,0,0,0,"737380,271399999970000","5690811,846300000300000",12.406799567000064,51.318998932000056,0,3,3,3,Südost
116864,14200927144200792190,14,7,13,000,2020,09,12,1,3,5,3,0,0,1,0,0,0,1,"740758,051699999720000","5694463,413400000000000",12.457649799000023,51.35035501100003,0,2,2,2,Ost
116868,14200930148310795520,14,7,13,000,2020,09,13,4,3,5,3,0,0,1,0,0,0,1,"727198,156399999750000","5689680,681600000700000",12.260208420000026,51.313000568000064,0,6,6,6,West
116877,14200827144200701760,14,7,13,000,2020,08,17,5,3,2,7,0,1,1,0,0,0,0,"734545,302699999880000","5699198,281899999800000",12.371717286000035,51.39545439200003,0,9,9,9,Nord
116879,14200819144200680170,14,7,13,000,2020,08,16,4,3,5,3,0,0,1,0,0,0,1,"735936,486899999900000","5699122,388399999600000",12.391628359000038,51.39419651900005,0,9,9,9,Nord
116884,14200906148110744090,14,7,13,000,2020,09,05,1,3,6,6,2,0,1,1,0,0,0,"728072,370500000190000","5698941,555600000500000",12.278666398000041,51.39578808400006,0,8,8,8,Nordwest
116899,14200830144310717200,14,7,13,000,2020,08,18,1,2,3,6,0,0,1,0,0,0,0,"732245,117899999950000","5701184,940999999600000",12.340011806000064,51.41423379200006,1,8,8,8,Nordwest
116911,14200922144320881840,14,7,13,000,2020,09,14,3,3,2,6,0,0,1,0,0,0,0,"736686,734000000170000","5695525,028999999200000",12.399997126000073,51.36159402000004,0,1,1,1,Nordost
116949,14201009144310819280,14,7,13,000,2020,10,17,6,3,9,1,1,0,0,0,1,0,0,"735837,793399999850000","5700407,859600000100000",12.391066415000068,51.40577608900003,1,9,9,9,Nord
116962,14200821148410699350,14,7,13,000,2020,08,06,6,3,5,3,0,0,1,0,0,0,0,"736210,315999999640000","5693812,164000000800000",12.392029403000038,51.34641729000003,0,0,0,0,Mitte
116970,14200909144200742520,14,7,13,000,2020,09,13,4,3,5,3,0,0,1,0,0,0,0,"734999,910400000400000","5697039,296000000100000",12.376812081000026,51.37588669200005,0,9,9,9,Nord
116972,14200918148110762340,14,7,13,000,2020,09,06,6,3,3,6,1,0,1,0,0,0,0,"736643,116999999620000","5695720,581000000200000",12.399501849000046,51.36336748200006,0,9,9,9,Nord
116975,14201001144200812390,14,7,13,000,2020,10,19,5,2,4,2,2,0,1,0,1,0,0,"738860,242399999870000","5688934,119599999900000",12.426741827000058,51.30152534400003,0,3,3,3,Südost
116978,14200807148410715180,14,7,13,000,2020,08,20,6,3,5,2,2,1,1,0,0,0,0,"736511,574400000270000","5692231,935900000900000",12.395298086000025,51.332107645000065,0,3,3,3,Südost
116980,14200807148310664000,14,7,13,000,2020,08,08,6,3,5,2,0,1,1,0,0,0,0,"727227,651899999940000","5690022,503900000800000",12.260848698000075,51.316057483000066,0,6,6,6,West
117017,14200925144200787780,14,7,13,000,2020,09,05,6,2,5,2,0,0,1,0,0,0,0,"728901,819099999960000","5698649,695499999400000",12.290380931000072,51.392834092000044,1,8,8,8,Nordwest
117049,14200912148310744240,14,7,13,000,2020,09,13,7,3,2,2,0,0,1,0,0,0,0,"727019,314299999740000","5690024,198000000800000",12.257865201000072,51.316155836000064,0,6,6,6,West
117105,14201002148310815011,14,7,13,000,2020,10,11,6,3,5,3,0,0,1,0,0,0,0,"729679,413999999870000","5687336,224999999600000",12.294242105000023,51.29095818800005,0,5,5,5,Südwest
117109,14200903144200734050,14,7,13,000,2020,09,07,5,3,6,2,0,0,1,1,0,0,0,"733905,121700000020000","5693210,045800000400000",12.358592174000023,51.34196549100005,0,0,0,0,Mitte
117111,14200806144200660300,14,7,13,000,2020,08,09,5,3,2,2,0,0,1,0,0,0,0,"727016,622999999670000","5690024,830000000100000",12.25782704900007,51.31616258400004,0,6,6,6,West
117158,14200824148410712000,14,7,13,000,2020,08,17,2,3,6,6,0,1,0,1,0,0,0,"735965,294800000270000","5693792,303799999900000",12.388504296000065,51.34634077000004,0,0,0,0,Mitte
117168,14201006144200923991,14,7,13,000,2020,10,20,3,3,5,2,2,1,1,0,0,0,0,"730830,296600000000000","5692911,497999999700000",12.314327770000034,51.34054205900003,1,7,7,7,Alt-West
117211,14200826144200699010,14,7,13,000,2020,08,10,4,3,5,3,0,0,1,0,0,0,1,"730306,756000000050000","5688550,980000000400000",12.304007444000035,51.30160985100008,0,5,5,5,Südwest
117217,14201008144200819240,14,7,13,000,2020,10,14,5,3,5,2,0,1,1,0,0,0,0,"731294,281399999750000","5692789,105799999100000",12.320898312000054,51.339254821000054,0,7,7,7,Alt-West
117241,14201011144310835520,14,7,13,000,2020,10,10,1,3,3,6,0,0,1,0,0,0,0,"728257,434899999760000","5684177,852099999800000",12.271865906000073,51.26317583400004,0,5,5,5,Südwest
117258,14200910148110763920,14,7,13,000,2020,09,14,5,3,2,6,0,1,1,0,0,0,0,"727957,124300000260000","5699602,744100000700000",12.277437208000038,51.40176998600003,0,8,8,8,Nordwest
117264,14200805144200655480,14,7,13,000,2020,08,19,4,3,5,3,1,0,1,0,1,0,0,"732797,936499999840000","5696859,072699999400000",12.345111149000047,51.37517580800005,0,8,8,8,Nordwest
117270,14200805144200645430,14,7,13,000,2020,08,13,4,3,5,2,0,0,1,0,0,0,0,"727751,382000000220000","5699061,994000000900000",12.274137377000045,51.39699819400005,0,8,8,8,Nordwest
117283,14201014144200835471,14,7,13,000,2020,10,11,4,3,3,5,0,0,1,0,1,0,0,"738777,154000000100000","5694493,325600000100000",12.429276117000029,51.351459043000034,1,2,2,2,Ost
117294,14200928144320008530,14,7,13,000,2020,09,19,2,3,2,6,2,1,0,0,0,0,0,"726278,900999999610000","5690215,250000000000000",12.247379392000028,51.318165889000056,0,6,6,6,West
117305,14200828144200701780,14,7,13,000,2020,08,09,6,3,2,2,0,0,1,0,0,0,1,"738417,404600000010000","5699900,354000000300000",12.427746267000032,51.400142635000066,0,1,1,1,Nordost
117338,14200821148310734370,14,7,13,000,2020,08,11,6,3,9,1,0,0,1,0,0,0,0,"731460,153699999680000","5688452,410100000000000",12.320460560000072,51.300257325000075,0,5,5,5,Südwest
117358,14200912144200742490,14,7,13,000,2020,09,18,7,3,5,2,0,1,0,0,0,0,0,"739127,999599999750000","5687302,749500000800000",12.42948335400007,51.286769916000026,0,3,3,3,Südost
117362,14201005144200911880,14,7,13,000,2020,10,16,2,3,5,3,0,1,1,0,0,0,0,"736337,995500000190000","5694742,245699999900000",12.394476993000069,51.35471279800004,0,1,1,1,Nordost
117384,14201102144200980210,14,7,13,000,2020,11,17,2,3,5,3,2,0,1,0,0,0,0,"741864,463200000110000","5694635,369500000000000",12.473625101000039,51.351428714000065,0,2,2,2,Ost
117386,14201125144310985630,14,7,13,000,2020,11,16,4,3,2,6,2,0,1,0,0,0,0,"744244,361899999900000","5693878,445699999100000",12.507217187000037,51.343617649000066,0,2,2,2,Ost
117397,14201112144200950280,14,7,13,000,2020,11,11,5,3,5,2,0,0,1,0,0,1,0,"736720,510999999940000","5692015,960899999400000",12.398148394000032,51.33008210400004,0,3,3,3,Südost
117409,14201110144200923970,14,7,13,000,2020,11,16,3,2,5,3,0,0,1,0,0,0,0,"738931,864000000060000","5688213,173000000400000",12.427284875000055,51.295024125000054,0,3,3,3,Südost
117432,14201106148320977900,14,7,13,000,2020,11,21,6,2,0,1,2,1,0,0,0,0,0,"727414,618700000460000","5691942,112299999200000",12.264751746000059,51.33321588700005,0,6,6,6,West
117463,14201028148410889530,14,7,13,000,2020,10,18,4,3,3,6,2,1,1,0,0,0,0,"733925,713800000030000","5693220,568900000300000",12.358894219000035,51.342051481000055,1,0,0,0,Mitte
117469,14201028148210891870,14,7,13,000,2020,10,10,4,3,2,6,0,0,1,0,0,0,0,"737731,563299999570000","5690339,947799999300000",12.41151704400005,51.314616501000046,0,3,3,3,Südost
117477,14201108148223935430,14,7,13,000,2020,11,14,1,3,5,3,0,1,1,0,0,0,0,"735720,324799999590000","5690283,460799999500000",12.382672075000073,51.31494598100005,0,4,4,4,Süd
117479,14201212144200050310,14,7,13,000,2020,12,18,7,3,5,2,2,0,1,0,0,0,0,"736523,484000000170000","5690277,905300000700000",12.394172347000051,51.31456291300003,1,0,0,0,Mitte
117487,14201119148410968590,14,7,13,000,2020,11,10,5,3,5,3,0,1,0,0,0,1,0,"733904,438599999990000","5693223,051699999700000",12.358590926000034,51.342082520000076,0,0,0,0,Mitte
117496,14201111148410913060,14,7,13,000,2020,11,07,4,3,5,3,0,1,0,0,0,0,1,"734637,564000000250000","5693486,365800000700000",12.369271728000058,51.34414408100008,1,0,0,0,Mitte
117499,14201104144200900350,14,7,13,000,2020,11,18,4,2,5,2,2,1,0,0,1,0,0,"736988,328099999580000","5691367,363099999700000",12.401554421000071,51.32414869100006,0,3,3,3,Südost
117503,14201027148410912120,14,7,13,000,2020,10,15,3,3,2,6,0,0,1,0,0,0,0,"737169,167700000110000","5691096,332100000200000",12.40396484400003,51.32164053200006,0,3,3,3,Südost
117510,14201027148110886400,14,7,13,000,2020,10,13,3,3,3,6,0,0,1,0,0,0,0,"735974,743400000040000","5699073,046399999400000",12.392144475000066,51.39373771400005,0,9,9,9,Nord
117512,14201224144310042740,14,7,13,000,2020,12,15,5,3,8,1,0,0,1,0,0,0,0,"735830,569199999790000","5700408,284099999800000",12.390963017000047,51.405782902000055,1,9,9,9,Nord
117514,14201102144200898950,14,7,13,000,2020,11,09,2,3,5,3,0,1,1,0,0,0,0,"733838,433799999770000","5693188,518600000100000",12.357622248000041,51.341799681000055,0,0,0,0,Mitte
117515,14201027144200931170,14,7,13,000,2020,10,09,3,3,2,2,0,0,1,0,0,0,0,"740752,333200000230000","5696262,408800000300000",12.458785138000053,51.366504417000044,0,2,2,2,Ost
117520,14201211144200036970,14,7,13,000,2020,12,08,6,3,5,3,0,1,1,0,0,0,0,"740581,764399999750000","5694448,467800000700000",12.455112890000066,51.35029550200005,0,2,2,2,Ost
117526,14201116144310941960,14,7,13,000,2020,11,17,2,2,3,6,2,0,1,0,0,0,0,"734706,559100000190000","5700650,277100000500000",12.374991370000032,51.408421230000044,0,9,9,9,Nord
117544,14201119144200952720,14,7,13,000,2020,11,12,5,3,5,2,0,0,1,0,0,0,0,"735311,867999999780000","5697043,517999999200000",12.381289147000075,51.37579541900004,0,9,9,9,Nord
117562,14201026148310876370,14,7,13,000,2020,10,06,2,3,5,3,0,0,1,0,0,1,0,"728518,930300000120000","5683186,804600000400000",12.274974726000039,51.25417406500003,1,5,5,5,Südwest
117564,14201109148310909420,14,7,13,000,2020,11,16,2,3,8,1,1,0,1,1,0,0,0,"731599,569400000390000","5688410,494999999200000",12.322429776000035,51.299824372000046,0,5,5,5,Südwest
117568,14201026148110876190,14,7,13,000,2020,10,05,2,3,5,2,2,0,1,0,0,0,0,"730967,801599999890000","5697341,146800000200000",12.319174524000061,51.38025054600007,1,8,8,8,Nordwest
117573,14201026144200970730,14,7,13,000,2020,10,06,2,3,6,2,2,0,1,1,0,0,0,"735416,588399999770000","5690268,742599999500000",12.378311771000028,51.31493958000004,1,4,4,4,Süd
117581,14201026144200891670,14,7,13,000,2020,10,12,2,3,2,2,0,0,1,0,0,0,0,"736205,164300000300000","5693816,593000000300000",12.391958502000023,51.34645918600006,0,0,0,0,Mitte
117586,14201118144200965470,14,7,13,000,2020,11,07,4,2,3,6,0,0,1,0,0,1,0,"730173,894000000320000","5693075,633600000300000",12.305025895000028,51.34228159000003,0,7,7,7,Alt-West
117589,14201209144200001650,14,7,13,000,2020,12,10,4,3,5,3,0,0,1,0,0,0,0,"739758,980800000020000","5688231,058800000700000",12.439138312000068,51.29483709100003,1,3,3,3,Südost
117590,14201123148310965720,14,7,13,000,2020,11,19,2,3,5,3,2,1,1,0,0,0,0,"732961,860999999570000","5692856,990000000200000",12.344841994000035,51.339183485000035,0,7,7,7,Alt-West
117643,14201202144200977410,14,7,13,000,2020,12,13,4,1,8,1,0,0,0,0,0,1,0,"745403,253899999890000","5691159,556800000400000",12.521952240000076,51.31871668800005,0,2,2,2,Ost
117669,14201212148210034940,14,7,13,000,2020,12,16,7,3,2,2,1,0,1,0,0,0,0,"740760,376400000420000","5694463,635999999900000",12.457683271000064,51.35035602500005,1,2,2,2,Ost
117685,14201214148110010650,14,7,13,000,2020,12,07,2,3,6,2,1,0,1,1,0,0,0,"738292,676400000230000","5694497,039899999300000",12.42233396100005,51.35169569100003,1,1,1,1,Nordost
117687,14201024148310871410,14,7,13,000,2020,10,14,7,3,2,2,0,0,1,0,0,0,0,"727592,342899999580000","5685592,184100000200000",12.263249166000037,51.27613885200003,0,5,5,5,Südwest
117734,14201119148121950460,14,7,13,000,2020,11,18,5,3,5,3,0,0,1,0,0,0,0,"732285,057000000030000","5698933,152000000700000",12.339111120000041,51.39400405300006,0,8,8,8,Nordwest
117748,14201208144200996780,14,7,13,000,2020,12,18,3,3,2,6,2,0,1,0,0,0,0,"743375,823599999770000","5695182,276300000000000",12.495661810000058,51.355692239000064,0,2,2,2,Ost
117762,14201104148210899070,14,7,13,000,2020,11,07,4,3,4,6,0,1,0,0,0,0,0,"737887,676799999550000","5690220,977199999600000",12.413673709000022,51.313483388000066,1,3,3,3,Südost
117772,14201116144200941850,14,7,13,000,2020,11,19,2,3,5,2,2,0,1,0,0,0,0,"735720,604500000370000","5690283,469699999300000",12.38267608700005,51.314945945000034,1,4,4,4,Süd
117784,14201113144200924000,14,7,13,000,2020,11,07,6,3,5,6,0,1,1,0,0,0,0,"736476,330500000160000","5693018,342800000700000",12.395315089000064,51.339181231000055,0,2,2,2,Ost
117800,14201023144200909150,14,7,13,000,2020,10,07,6,3,5,3,1,0,1,0,0,0,0,"729681,474399999720000","5687337,059100000200000",12.294272141000022,51.290964846000065,0,5,5,5,Südwest
117815,14201223148110033460,14,7,13,000,2020,12,14,4,3,5,7,0,0,1,0,0,0,0,"736464,273500000130000","5696406,291699999900000",12.397393467000029,51.36959696100007,1,9,9,9,Nord
117830,14201031144200900370,14,7,13,000,2020,10,00,7,3,8,1,2,0,1,0,0,0,0,"727621,509899999950000","5685558,370300000500000",12.263645107000059,51.275823641000045,0,5,5,5,Südwest
117852,14201022148410868020,14,7,13,000,2020,10,07,5,3,2,6,0,0,1,0,0,0,0,"736406,215099999680000","5692342,788899999100000",12.393861973000071,51.333146482000075,0,3,3,3,Südost
117855,14201103148110931180,14,7,13,000,2020,11,10,3,3,8,1,0,1,0,0,0,0,0,"735050,046799999660000","5698937,355699999300000",12.378786985000033,51.392903431000036,0,9,9,9,Nord
117887,14201202143263075040,14,7,13,000,2020,12,12,4,3,5,3,0,1,1,0,0,0,0,"736865,384999999780000","5694394,757600000100000",12.401806200000067,51.35137416400005,0,1,1,1,Nordost
117888,14201103148110909240,14,7,13,000,2020,11,07,3,3,5,2,0,1,1,0,0,0,0,"736633,635800000280000","5695726,417700000100000",12.399369787000069,51.36342382200007,0,9,9,9,Nord
117906,14201103144310895080,14,7,13,000,2020,11,07,3,3,5,3,0,0,1,0,0,0,0,"745185,099999999630000","5690447,946399999800000",12.518338535000055,51.31242398300003,0,2,2,2,Ost
117907,14201112144200989490,14,7,13,000,2020,11,14,5,2,6,4,0,0,0,1,0,0,1,"741483,555399999950000","5689612,546900000400000",12.464762032000067,51.30650820400007,0,3,3,3,Südost
117918,14201130144200989450,14,7,13,000,2020,11,18,2,3,2,6,2,0,1,0,0,0,1,"731084,897800000380000","5688482,795099999800000",12.315106595000032,51.30068249700008,0,5,5,5,Südwest
117919,14201110144310941940,14,7,13,000,2020,11,06,3,3,2,6,0,0,1,0,0,0,0,"735499,140800000170000","5700492,355900000800000",12.386262220000049,51.40667522000007,0,9,9,9,Nord
117935,14201114144310927200,14,7,30,270,2020,11,12,7,3,8,1,0,0,1,0,0,0,0,"727669,932500000110000","5701328,061799999300000",12.274422695000055,51.41737378100004,0,8,8,8,Nordwest
117945,14201210144200005010,14,7,13,000,2020,12,18,5,3,5,2,1,0,1,0,0,0,0,"741482,183500000280000","5689600,783500000800000",12.464734427000053,51.30640320200007,0,3,3,3,Südost
117965,14201116144310944170,14,7,13,000,2020,11,19,2,3,2,6,2,0,0,0,0,1,1,"732250,976900000130000","5701168,709799999400000",12.340085283000064,51.41408569200007,1,8,8,8,Nordwest
117985,14201207144200993820,14,7,13,000,2020,12,17,2,3,5,2,2,0,1,0,0,0,0,"738864,430999999870000","5694486,869000000900000",12.43052282900004,51.35136442000004,0,2,2,2,Ost
117989,14201121144200944140,14,7,13,000,2020,11,18,7,3,8,1,2,0,1,0,0,0,0,"726349,155000000260000","5699671,994100000700000",12.254403121000053,51.40303543200008,0,8,8,8,Nordwest
117992,14201212144310013370,14,7,13,000,2020,12,18,7,3,8,1,2,0,1,0,0,0,0,"737939,974799999970000","5699058,488099999700000",12.420331134000037,51.392786571000045,1,1,1,1,Nordost
118009,14201103144200001640,14,7,13,000,2020,11,19,3,3,5,2,2,0,1,0,0,0,1,"736210,315999999640000","5693812,164000000800000",12.392029403000038,51.34641729000003,0,0,0,0,Mitte
118013,14201104144200902110,14,7,13,000,2020,11,17,4,3,5,3,2,1,1,0,0,0,0,"735643,155000000260000","5693502,463199999200000",12.383695160000059,51.34387269600006,0,0,0,0,Mitte
118029,14201021148110889360,14,7,13,000,2020,10,08,4,3,5,2,0,0,1,0,0,0,0,"732234,934999999590000","5699205,693000000000000",12.338570202000028,51.39647106000007,1,8,8,8,Nordwest
118034,14201211148110009960,14,7,13,000,2020,12,17,6,3,6,4,2,0,1,1,0,0,0,"727768,486600000410000","5697682,479100000100000",12.273498034000056,51.38460714000007,0,8,8,8,Nordwest
118036,14201021148110857030,14,7,13,000,2020,10,08,4,3,2,6,0,0,1,0,0,0,0,"736334,743599999700000","5694338,261199999600000",12.39416211200006,51.351087919000065,1,0,0,0,Mitte
118057,14201119144310941980,14,7,13,000,2020,11,13,5,2,7,7,0,0,1,0,0,0,0,"741779,909500000070000","5690367,164999999100000",12.469517071000041,51.313155523000034,0,3,3,3,Südost
118102,14201209148110996860,14,7,13,000,2020,12,12,4,3,2,6,0,0,1,0,0,0,0,"734967,248599999580000","5697039,317700000500000",12.376343640000073,51.37590040100008,1,9,9,9,Nord
118103,14201123148410953040,14,7,13,000,2020,11,06,2,3,2,6,0,0,1,0,0,0,0,"737390,501199999820000","5690799,310200000200000",12.406937758000026,51.31888214000003,1,3,3,3,Südost
118112,14201217144200067590,14,7,13,000,2020,12,16,5,3,5,2,2,1,1,0,0,0,0,"740891,048000000420000","5696352,698000000800000",12.46083525000006,51.36725601000006,0,2,2,2,Ost
118125,14201020148410904530,14,7,13,000,2020,10,16,3,3,5,7,0,1,1,0,0,0,0,"736425,861399999820000","5692744,176500000100000",12.394409850000045,51.336741249000056,0,3,3,3,Südost
118129,14201020148310854670,14,7,13,000,2020,10,23,3,3,8,1,2,0,1,0,0,0,0,"727620,011699999680000","5685542,026900000900000",12.263613256000042,51.27567751700008,1,5,5,5,Südwest
118132,14201020148210912010,14,7,13,000,2020,10,22,3,3,4,6,2,1,0,0,0,0,0,"738478,170500000010000","5689643,680600000500000",12.421745171000055,51.30805449300004,1,3,3,3,Südost
118133,14201020144200854320,14,7,13,000,2020,10,12,3,3,3,2,0,0,1,0,0,0,1,"739757,063799999650000","5688233,033199999500000",12.439112193000028,51.29485562000008,0,3,3,3,Südost
118134,14201127144310966990,14,7,13,000,2020,11,16,6,3,2,6,1,0,1,0,0,0,0,"742972,777400000020000","5695045,608899999400000",12.489790995000021,51.35463806300004,0,2,2,2,Ost
118212,14201029148110889430,14,7,13,000,2020,10,15,5,3,0,7,0,1,0,0,0,0,0,"734563,857900000180000","5697039,323300000300000",12.370557934000033,51.37606720400004,1,9,9,9,Nord
118238,14201108148210933860,14,7,13,000,2020,11,16,1,3,5,3,0,1,1,0,0,0,0,"734245,202700000260000","5690116,098899999600000",12.361432854000043,51.314052685000036,0,4,4,4,Süd
118248,14201119148210940130,14,7,13,000,2020,11,12,5,3,5,3,0,1,0,0,0,0,1,"739759,783300000240000","5688230,222100000800000",12.439149239000074,51.29482924400003,0,3,3,3,Südost
118256,14201201144200993840,14,7,13,000,2020,12,06,3,2,9,1,2,0,1,0,0,0,0,"727347,545400000180000","5697710,886399999300000",12.267477006000036,51.38503088300007,1,8,8,8,Nordwest
118257,14201111144310933700,14,7,30,270,2020,11,06,4,3,2,6,1,0,1,0,0,1,1,"729760,527800000270000","5701181,042500000400000",12.30434156800004,51.41521082100007,1,8,8,8,Nordwest
118272,14201030148410904540,14,7,13,000,2020,10,14,6,3,5,2,0,1,1,0,0,0,0,"736207,099000000390000","5693805,521999999900000",12.39197888700005,51.346359007000046,1,0,0,0,Mitte
118273,14201224144200044380,14,7,13,000,2020,12,13,5,2,8,1,0,0,1,0,0,0,0,"735762,387500000190000","5697105,756200000600000",12.38779198100002,51.37616723600007,1,9,9,9,Nord
118276,14201104148415934000,14,7,13,000,2020,11,15,4,3,4,7,0,0,1,0,1,0,0,"738289,991399999710000","5694495,924000000600000",12.422294726000075,51.35168680000004,0,1,1,1,Nordost
118286,14201116144200958390,14,7,13,000,2020,11,08,2,3,5,3,0,0,1,0,1,0,0,"734329,245299999600000","5693360,375600000800000",12.364769727000066,51.343140292000044,0,0,0,0,Mitte
118288,14201030148410904520,14,7,13,000,2020,10,15,6,3,2,6,0,0,1,0,0,0,0,"735300,619099999780000","5690263,732000000800000",12.376647368000022,51.31494255900003,1,4,4,4,Süd
118300,14201030148410888270,14,7,13,000,2020,10,08,6,3,9,1,0,0,0,0,0,0,1,"736284,661000000310000","5694092,728000000100000",12.39328121400007,51.34890479000006,1,0,0,0,Mitte
118304,14201119144200939890,14,7,13,000,2020,11,21,5,3,2,6,2,0,1,0,0,0,0,"740767,423200000080000","5694475,711400000400000",12.457792443000073,51.35046142400006,1,2,2,2,Ost
118315,14201017144200847090,14,7,13,000,2020,10,12,7,3,2,6,0,0,1,0,0,0,0,"740045,339900000020000","5694426,751800000700000",12.447409380000067,51.350327363000076,0,2,2,2,Ost
118353,14201107148310931340,14,7,13,000,2020,11,13,7,3,5,3,0,0,1,0,0,0,0,"730306,756000000050000","5688550,980000000400000",12.304007444000035,51.30160985100008,0,5,5,5,Südwest
118355,14201211144200003780,14,7,13,000,2020,12,16,6,3,5,3,1,0,1,0,0,0,0,"734457,467299999670000","5697039,034299999500000",12.369031806000066,51.376108542000054,0,9,9,9,Nord
118368,14201218144310025890,14,7,13,000,2020,12,11,6,3,2,6,0,0,1,0,0,0,1,"744367,353799999690000","5693516,314999999500000",12.508731251000029,51.340314645000035,0,2,2,2,Ost
118386,14201030144310889281,14,7,13,000,2020,10,16,6,2,2,6,0,0,1,0,0,0,0,"744273,911999999550000","5693786,028000000900000",12.507577264000076,51.34277549500007,1,2,2,2,Ost
118419,14201207148110006140,14,7,13,000,2020,12,20,2,3,5,3,2,0,1,0,0,0,0,"736388,013700000010000","5699155,300400000100000",12.398128796000037,51.394304057000056,0,9,9,9,Nord
118426,14201016148410927490,14,7,13,000,2020,10,06,6,3,6,2,2,0,1,1,0,0,0,"733905,655899999660000","5693210,218100000200000",12.358599944000048,51.34196681800006,1,0,0,0,Mitte
118430,14201110148410950690,14,7,13,000,2020,11,17,3,3,5,2,2,1,1,0,0,0,0,"735857,248499999750000","5693718,646700000400000",12.38690684900007,51.34572444100007,0,0,0,0,Mitte
118457,14201124148110024560,14,7,13,000,2020,11,06,3,2,5,2,1,1,1,0,0,0,0,"735101,602199999620000","5697039,227800000500000",12.378270561000022,51.37584399100007,0,9,9,9,Nord
118459,14201029144200881780,14,7,13,000,2020,10,13,5,3,5,2,0,0,1,0,0,0,0,"736523,469300000000000","5690277,905799999800000",12.394172137000055,51.31456292400003,0,0,0,0,Mitte
118492,14201203149321980780,14,7,13,000,2020,12,05,5,3,6,4,2,1,0,1,0,0,0,"736498,931599999780000","5699144,539100000600000",12.399713082000062,51.39416125400004,0,9,9,9,Nord
118494,14201119148110939960,14,7,13,000,2020,11,22,5,2,5,3,2,0,1,0,0,0,0,"727957,526999999770000","5699604,001000000200000",12.277443795000067,51.40178110700003,1,8,8,8,Nordwest