OBJECTID,UIDENTSTLAE,ULAND,UREGBEZ,UKREIS,UGEMEINDE,UJAHR,UMONAT,USTUNDE,UWOCHENTAG,UKATEGORIE,UART,UTYP1,ULICHTVERH,IstRad,IstPKW,IstFuss,IstKrad,IstGkfz,IstSonstige,LINREFX,LINREFY,XGCSWGS84,YGCSWGS84,STRZUSTAND,index_right,FID,SBZ,Name
118543,14201211148110034150,14,7,13,000,2020,12,11,6,3,5,3,0,0,1,0,0,0,1,"730956,208300000060000","5696829,803099999200000",12.318675909000035,51.37566502200008,0,8,8,8,Nordwest
118567,14201015148410845910,14,7,13,000,2020,10,17,5,3,2,6,1,0,1,0,0,0,0,"735731,406000000420000","5693562,925799999400000",12.385000045000027,51.344378842000026,1,0,0,0,Mitte
118568,14201015148310867860,14,7,13,000,2020,10,15,5,3,5,3,0,1,1,0,0,0,0,"729849,230700000190000","5692855,609099999100000",12.300230416000034,51.340437757000075,1,7,7,7,Alt-West
118569,14201127148310005030,14,7,13,000,2020,11,20,6,3,5,2,2,0,1,0,0,1,0,"729945,813000000080000","5693107,653999999200000",12.301777438000045,51.34266132400006,1,7,7,7,Alt-West
118571,14201015148210842890,14,7,13,000,2020,10,10,5,3,0,1,0,0,0,0,1,0,0,"740522,948300000280000","5687423,566800000100000",12.449531728000068,51.28726715300007,1,3,3,3,Südost
118594,14201015144200837910,14,7,13,000,2020,10,06,5,3,8,1,2,0,1,0,0,0,0,"738239,267500000070000","5694477,053200000900000",12.421554999000023,51.35153868000003,1,1,1,1,Nordost
118596,14201120148410967250,14,7,13,000,2020,11,18,6,3,2,6,2,0,1,0,0,0,0,"736490,600899999960000","5692235,549200000200000",12.394999962000043,51.33214879900004,0,0,0,0,Mitte
118610,14201209148410997110,14,7,13,000,2020,12,07,4,3,2,6,0,0,1,0,0,0,0,"737168,072999999860000","5691098,446200000100000",12.403950568000027,51.32165996500004,1,3,3,3,Südost
118614,14201218144200047470,14,7,30,270,2020,12,23,6,1,2,6,2,0,1,0,0,1,0,"728787,782499999740000","5701186,409900000300000",12.290380163000066,51.415652270000066,0,8,8,8,Nordwest
118616,14201102144310904430,14,7,13,000,2020,11,06,2,2,2,6,1,0,1,0,0,0,0,"746124,455599999990000","5690750,091600000900000",12.531999061000022,51.31473032700006,1,2,2,2,Ost
224319,14200101148223122570,14,7,13,000,2020,01,12,4,3,5,3,0,1,1,0,0,0,0,"736168,299300000070000","5691063,986199999200000",12.389605519000042,51.32176647400007,0,0,0,0,Mitte
224428,14200102144200094050,14,7,13,000,2020,01,02,5,3,2,6,2,0,1,0,0,0,0,"735576,810100000350000","5695838,362299999200000",12.384290566000061,51.364867831000026,0,9,9,9,Nord
224502,14200101148110111230,14,7,13,000,2020,01,19,4,3,0,1,1,0,0,0,1,0,0,"731587,597099999900000","5696590,059299999800000",12.32757590600005,51.37325578400004,0,8,8,8,Nordwest
224603,14200115144200140610,14,7,13,000,2020,01,11,4,3,5,3,0,1,0,0,0,0,1,"736065,091599999930000","5688533,089500000700000",12.386452396000038,51.29909122600003,0,4,4,4,Süd
224611,14200116148310148040,14,7,13,000,2020,01,10,5,3,1,5,0,1,1,0,0,0,0,"728720,592299999670000","5694898,176999999200000",12.285366281000051,51.35922934100006,0,7,7,7,Alt-West
224614,14200107148310114240,14,7,13,000,2020,01,14,3,3,0,7,0,0,1,0,0,0,0,"728758,336500000210000","5689166,978099999900000",12.282227736000038,51.30776401300005,0,6,6,6,West
224616,14200110148423135240,14,7,13,000,2020,01,07,6,3,5,3,2,1,1,0,0,0,0,"736968,095999999900000","5687266,417500000400000",12.398541472000034,51.287346272000036,1,4,4,4,Süd
224621,14200107148210126670,14,7,13,000,2020,01,17,3,3,5,3,2,1,1,0,0,0,0,"735069,715300000270000","5689883,570800000800000",12.373089461000063,51.31162548600008,1,4,4,4,Süd
224623,14200107148210126650,14,7,13,000,2020,01,17,3,3,5,3,2,0,1,0,0,0,0,"738197,429800000040000","5691177,613299999400000",12.418749114000036,51.321940604000076,1,3,3,3,Südost
224629,14200107144200147940,14,7,13,000,2020,01,07,3,3,5,3,1,0,1,0,0,0,0,"738196,862200000320000","5691177,571000000500000",12.418740955000032,51.32194046200004,0,3,3,3,Südost
224638,14200120148410151480,14,7,13,000,2020,01,07,2,3,1,5,0,1,1,0,0,0,0,"734663,782599999570000","5691052,638399999600000",12.368044649000069,51.32228707500008,0,4,4,4,Süd
224641,14200115144200195680,14,7,13,000,2020,01,15,4,2,3,6,0,1,1,0,0,0,0,"734740,002799999900000","5691269,812599999800000",12.369279577000043,51.32420508800004,0,4,4,4,Süd
224645,14200122144200163280,14,7,13,000,2020,01,18,4,3,5,2,2,1,1,0,0,0,0,"735498,294200000350000","5692031,445699999100000",12.380646444000035,51.33072840500006,1,0,0,0,Mitte
224646,14200119144200149240,14,7,13,000,2020,01,13,1,3,5,3,0,1,1,0,0,0,0,"738086,435200000180000","5697555,191600000500000",12.42142487500007,51.37923178200003,1,1,1,1,Nordost
224648,14200122148410163640,14,7,13,000,2020,01,07,4,3,3,2,2,1,1,0,0,0,0,"737188,886699999680000","5693563,003799999100000",12.405889304000027,51.34377339200006,0,2,2,2,Ost
224656,14200111148410137760,14,7,13,000,2020,01,04,7,3,5,3,2,1,1,0,0,0,0,"735012,709900000130000","5692064,825200000800000",12.373710740000035,51.33122885900008,1,0,0,0,Mitte
224659,14200116144200162750,14,7,13,000,2020,01,13,5,3,4,2,0,0,1,0,0,0,0,"731172,430800000210000","5691918,950899999600000",12.31858730700003,51.33149308900005,0,7,7,7,Alt-West
224661,14200114148410137730,14,7,13,000,2020,01,08,3,3,5,3,0,1,1,0,0,0,0,"735665,761300000360000","5692503,880400000100000",12.383358453000028,51.334899764000056,0,0,0,0,Mitte
224669,14200117144200151170,14,7,13,000,2020,01,06,6,2,5,2,1,0,1,1,0,0,0,"727043,358199999670000","5693119,555400000900000",12.26018176100007,51.34393460300004,0,7,7,7,Alt-West
224671,14200106148410122680,14,7,13,000,2020,01,17,2,3,4,2,2,1,1,0,0,0,0,"735587,306200000460000","5692244,823799999400000",12.382062920000067,51.332606895000026,1,0,0,0,Mitte
224673,14200106148210122580,14,7,13,000,2020,01,17,2,3,2,6,2,0,1,0,0,0,0,"735953,637500000190000","5690961,150399999700000",12.38646231100006,51.32093244500004,0,0,0,0,Mitte
224678,14200123144200163270,14,7,13,000,2020,01,15,5,3,5,3,0,1,1,0,0,0,0,"732172,816899999980000","5692687,655899999700000",12.333423226000036,51.33798611900005,0,7,7,7,Alt-West
224680,14200110148410124910,14,7,13,000,2020,01,12,6,3,6,4,0,0,1,1,0,0,0,"735105,764800000000000","5694877,262299999600000",12.376900999000043,51.35643582000006,0,0,0,0,Mitte
224683,14200106144200114120,14,7,13,000,2020,01,16,2,2,3,6,0,1,1,0,0,0,0,"734478,157499999740000","5692402,830299999600000",12.366273671000044,51.33448355100006,0,0,0,0,Mitte
224684,14200113144200192820,14,7,13,000,2020,01,18,2,3,5,3,1,1,1,0,0,0,0,"735965,969700000250000","5688506,863399999200000",12.38501578000006,51.29889689300006,0,4,4,4,Süd
224687,14200120144200156130,14,7,13,000,2020,01,20,2,3,6,2,2,0,1,1,0,0,0,"738864,030100000090000","5694480,454399999200000",12.430512778000036,51.35130701200006,0,2,2,2,Ost
224690,14200115144200143550,14,7,13,000,2020,01,15,4,3,5,3,0,0,1,0,0,0,0,"729063,193799999540000","5694972,081499999400000",12.290326322000055,51.35975478800003,0,7,7,7,Alt-West
224697,14200122148221176030,14,7,13,000,2020,01,07,4,3,5,2,0,1,1,0,0,0,0,"735724,732099999670000","5689110,216000000000000",12.381960057000072,51.304412709000076,0,4,4,4,Süd
224705,14200121148220169490,14,7,13,000,2020,01,05,3,3,5,3,2,1,1,0,0,0,0,"736717,443300000390000","5689656,935699999300000",12.396538424000028,51.30890832800003,0,4,4,4,Süd
224706,14200111144200126600,14,7,13,000,2020,01,11,7,1,6,4,0,0,0,1,0,0,1,"735105,787899999880000","5694840,848600000100000",12.376877271000069,51.35610895000008,0,0,0,0,Mitte
224715,14200116148310148050,14,7,13,000,2020,01,07,5,3,3,2,0,1,0,0,0,0,1,"733227,906899999830000","5691709,650699999200000",12.34790379900005,51.328775205000056,0,5,5,5,Südwest
224731,14200110148110124780,14,7,13,000,2020,01,07,6,3,4,2,2,0,1,0,0,0,0,"738812,935499999670000","5696081,046599999100000",12.43085472100006,51.36569510700008,1,1,1,1,Nordost
224732,14200109148410122670,14,7,13,000,2020,01,06,5,3,5,3,2,0,1,0,0,0,0,"736152,476599999700000","5691158,098200000800000",12.389441186000056,51.32261781500006,1,0,0,0,Mitte
224736,14200108148210151390,14,7,13,000,2020,01,10,4,3,5,3,0,1,1,0,0,0,0,"734849,083800000140000","5687316,376199999800000",12.36824053600003,51.28867218900007,1,4,4,4,Süd
224739,14200122148410192960,14,7,13,000,2020,01,09,4,3,5,3,0,1,1,0,0,0,0,"734845,387000000100000","5691801,405600000200000",12.371139619000076,51.328933402000075,1,0,0,0,Mitte
224748,14200115144200206900,14,7,13,000,2020,01,16,4,3,4,2,1,0,1,0,0,0,0,"740802,507000000220000","5694632,004000000700000",12.458401050000077,51.351849377000065,0,2,2,2,Ost
224750,14200108144200239452,14,7,13,000,2020,01,18,4,2,4,6,2,1,0,0,0,0,1,"735995,495099999940000","5700397,425200000400000",12.39332276700003,51.40561685000006,1,9,9,9,Nord
224752,14200109148210124850,14,7,13,000,2020,01,14,5,3,4,2,0,0,1,0,0,0,0,"735061,827700000260000","5690894,311200000300000",12.373642644000029,51.32070156900005,1,4,4,4,Süd
224753,14200122144200165660,14,7,13,000,2020,01,18,4,3,8,1,2,0,1,0,0,0,0,"734377,402800000270000","5695224,172000000300000",12.366687246000026,51.359850676000065,1,9,9,9,Nord
224755,14200109148110137470,14,7,13,000,2020,01,15,5,3,5,3,0,0,1,0,0,0,0,"738086,475800000130000","5697554,859099999100000",12.421425235000072,51.37922878000006,1,1,1,1,Nordost
224760,14200108144200172180,14,7,13,000,2020,01,12,4,3,5,3,0,0,1,0,0,0,0,"742296,096499999990000","5693692,018100000900000",12.47916990300007,51.34277796400005,0,2,2,2,Ost
224762,14200111148421135220,14,7,13,000,2020,01,15,7,3,6,7,0,0,1,1,0,0,0,"731180,451100000180000","5691459,372199999200000",12.318404107000049,51.327364239000076,1,7,7,7,Alt-West
224764,14200118148410156480,14,7,13,000,2020,01,00,7,3,6,4,2,0,1,1,0,0,0,"737183,103600000030000","5693752,620699999900000",12.40593272500007,51.34547781900005,1,2,2,2,Ost
224766,14200116144200275130,14,7,13,000,2020,01,06,5,2,6,2,2,0,1,1,0,0,0,"735737,991299999880000","5695373,680700000400000",12.386293786000067,51.36062989100003,0,9,9,9,Nord
224767,14200104144320308390,14,7,13,000,2020,01,16,7,3,2,6,0,0,1,0,0,0,0,"737179,323699999600000","5694095,773399999400000",12.40610715300005,51.348559557000044,0,2,2,2,Ost
224769,14200104144200188520,14,7,13,000,2020,01,14,7,2,5,3,0,1,1,0,0,0,0,"734269,316399999890000","5695509,256899999500000",12.365325272000064,51.36245429000007,1,9,9,9,Nord
224770,14200123144200163320,14,7,13,000,2020,01,06,5,3,5,3,1,1,1,0,0,0,0,"737297,207299999890000","5695370,057800000500000",12.408646538000028,51.35994837900006,1,1,1,1,Nordost
224772,14200110148410127800,14,7,13,000,2020,01,06,6,2,1,5,2,1,1,0,0,0,0,"736453,871100000110000","5693493,225500000600000",12.395308517000046,51.343453200000056,1,0,0,0,Mitte
224773,14200109144000124840,14,7,13,000,2020,01,17,5,3,5,3,2,1,1,0,0,0,0,"735073,263500000350000","5689669,959300000200000",12.372999532000051,51.30970655300007,1,4,4,4,Süd
224776,14200121144200159160,14,7,13,000,2020,01,17,3,3,5,3,2,1,1,0,0,0,0,"727481,511099999770000","5689006,618699999500000",12.263837587000069,51.30683604600006,0,6,6,6,West
224778,14200117148210156300,14,7,13,000,2020,01,05,6,3,3,6,2,1,1,0,0,0,0,"735444,637699999850000","5690564,274599999200000",12.378908633000037,51.31758078000007,0,4,4,4,Süd
224795,14200120144200163330,14,7,13,000,2020,01,16,2,3,8,1,1,0,1,0,0,0,1,"738856,192599999720000","5690978,505999999100000",12.428052544000025,51.31987729200006,0,3,3,3,Südost
224799,14200115144200186910,14,7,13,000,2020,01,19,4,2,6,4,2,1,0,1,0,0,0,"734691,309700000100000","5692819,600400000800000",12.369602669000074,51.33813673900005,0,0,0,0,Mitte
224800,14200103148410116470,14,7,13,000,2020,01,17,6,3,5,2,2,1,0,0,0,0,1,"736304,149299999700000","5692449,328900000100000",12.392470127000024,51.33414522100003,1,0,0,0,Mitte
224806,14200122148300160080,14,7,13,000,2020,01,15,4,3,1,5,0,1,1,0,0,0,0,"729410,342500000260000","5690328,202400000800000",12.292312983000045,51.31792614300008,1,6,6,6,West
224811,14200103144200175740,14,7,13,000,2020,01,15,6,2,5,3,0,0,1,0,0,0,1,"739614,746100000110000","5689038,163599999600000",12.437615071000039,51.302142236000066,0,3,3,3,Südost
224814,14200111144200127720,14,7,13,000,2020,01,10,7,3,1,5,0,1,1,0,0,0,0,"731959,830900000410000","5692899,405700000000000",12.330508727000051,51.33997386400006,0,7,7,7,Alt-West
224817,14200103144200134840,14,7,13,000,2020,01,00,6,1,6,4,2,0,0,1,0,0,1,"735001,989799999630000","5692237,922100000100000",12.37367129300003,51.33278707300008,0,0,0,0,Mitte
224824,14200121144000176050,14,7,13,000,2020,01,12,3,2,5,3,0,0,1,0,0,0,1,"735419,319000000130000","5692982,235700000100000",12.380143125000075,51.33929569700007,0,0,0,0,Mitte
224833,14200114148410137700,14,7,13,000,2020,01,18,3,3,0,7,2,1,0,0,0,0,0,"736587,660500000230000","5695453,648099999900000",12.398529154000073,51.36099455800007,0,9,9,9,Nord
224844,14200120143263192540,14,7,13,000,2020,01,07,2,3,1,5,2,1,1,0,0,0,0,"736883,004700000400000","5691962,196499999600000",12.400440863000028,51.329531864000046,0,3,3,3,Südost
224849,14200115144320202021,14,7,13,000,2020,01,02,4,3,6,4,2,1,0,1,0,0,0,"735055,703400000000000","5690986,241100000200000",12.37361551500004,51.321529299000076,0,4,4,4,Süd
224854,14200122148110159230,14,7,13,000,2020,01,07,4,3,4,2,1,0,1,0,0,0,0,"733177,872800000010000","5695859,428899999700000",12.349904887000037,51.36604659600005,0,8,8,8,Nordwest
224855,14200119148210179720,14,7,13,000,2020,01,11,1,3,9,1,0,0,1,0,0,0,0,"738100,136400000190000","5690459,822899999100000",12.416876110000032,51.315538435000065,1,3,3,3,Südost
224859,14200102148122094070,14,7,13,000,2020,01,13,5,3,5,3,0,1,0,0,0,0,1,"734061,092600000090000","5696696,205099999900000",12.363120908000042,51.37319466500003,0,9,9,9,Nord
224860,14200121144200244410,14,7,13,000,2020,01,18,3,2,5,3,2,1,0,0,0,0,1,"736736,979299999770000","5688797,888800000800000",12.39624836400003,51.301189212000054,0,4,4,4,Süd
224861,14200207148310211560,14,7,13,000,2020,02,15,6,3,2,6,0,0,1,0,0,0,1,"731181,391699999570000","5690686,374399999200000",12.317916301000025,51.320424726000056,0,7,7,7,Alt-West
224864,14200207148210204380,14,7,13,000,2020,02,08,6,3,0,7,0,1,1,0,0,0,0,"735624,873200000260000","5690868,059399999700000",12.381691120000028,51.32023306000008,0,4,4,4,Süd
224875,14200214144200230510,14,7,13,000,2020,02,00,6,2,8,1,2,0,1,0,0,0,0,"734463,794900000100000","5692609,646400000900000",12.366203968000036,51.33634594600005,1,0,0,0,Mitte
224877,14200211148223230680,14,7,13,000,2020,02,15,3,3,5,3,0,1,1,0,0,0,0,"738272,066800000150000","5690768,507799999800000",12.41954492800005,51.31823723400004,1,3,3,3,Südost
224886,14200206144200241200,14,7,13,000,2020,02,07,5,3,5,3,0,0,1,0,0,0,0,"731946,683000000190000","5693133,017000000900000",12.330472436000036,51.342076302000066,0,7,7,7,Alt-West
224900,14200213144200251970,14,7,13,000,2020,02,14,5,3,5,3,0,0,1,0,0,0,0,"737268,768099999990000","5693460,929899999900000",12.406966164000039,51.34282384100004,0,2,2,2,Ost
224901,14200205148321202140,14,7,13,000,2020,02,05,4,3,6,6,2,1,0,1,0,0,0,"727698,449199999680000","5690566,051300000400000",12.267940201000044,51.32074894300007,1,6,6,6,West
224905,14200205148110198830,14,7,13,000,2020,02,06,4,3,5,3,2,1,1,0,0,0,0,"731843,623200000260000","5696460,811300000200000",12.331163661000062,51.37199111000007,0,8,8,8,Nordwest
224906,14200205144200221970,14,7,13,000,2020,02,22,4,3,6,4,2,0,1,1,0,0,0,"734270,209599999710000","5695508,968599999300000",12.365337889000045,51.36245133300008,0,9,9,9,Nord
224909,14200205144200201940,14,7,13,000,2020,02,17,4,3,0,7,2,1,1,0,0,0,0,"734204,656200000080000","5692893,192299999300000",12.362676816000032,51.33899796600008,0,0,0,0,Mitte
224910,14200205143263390780,14,7,13,000,2020,02,00,4,3,6,4,2,1,0,1,0,0,0,"731047,944899999540000","5686358,385900000100000",12.313203144000056,51.28162667400005,0,5,5,5,Südwest
224927,14200204148110195790,14,7,13,000,2020,02,07,3,3,8,1,2,0,1,0,0,0,0,"732208,326100000180000","5699076,818600000800000",12.33810408200003,51.395325093000054,1,8,8,8,Nordwest
224945,14200211144200219491,14,7,13,000,2020,02,15,3,1,9,7,0,0,1,0,0,0,0,"731632,911000000310000","5696843,381899999500000",12.328390897000077,51.375511317000075,1,8,8,8,Nordwest
224950,14200203148410239510,14,7,13,000,2020,02,06,2,3,5,3,2,1,1,0,0,0,0,"733851,122800000010000","5693445,772399999200000",12.35797304700003,51.344103706000055,1,0,0,0,Mitte
224951,14200203148310235220,14,7,13,000,2020,02,15,2,3,6,4,0,1,0,1,0,0,0,"730447,453300000170000","5693918,278599999800000",12.309492262000049,51.34973517100008,0,7,7,7,Alt-West
224956,14200208148310205600,14,7,13,000,2020,02,11,7,3,5,3,0,1,1,0,0,0,0,"730511,038599999620000","5689715,143400000400000",12.307684892000054,51.311977924000075,0,6,6,6,West
224959,14200208148210238270,14,7,13,000,2020,02,20,7,3,1,5,2,1,1,0,0,0,0,"737800,168899999930000","5691348,549900000900000",12.413172276000068,51.32364109700006,0,3,3,3,Südost
224967,14200126144200182690,14,7,13,000,2020,01,12,1,3,5,2,0,0,1,0,0,0,1,"734312,923999999650000","5695798,171000000100000",12.366140873000063,51.36502971900006,0,9,9,9,Nord
224973,14200202148410214060,14,7,13,000,2020,02,18,1,3,3,5,2,1,1,0,0,0,0,"737688,256000000050000","5693739,528999999200000",12.413164134000056,51.34514934500004,1,2,2,2,Ost
224974,14200202144200188510,14,7,13,000,2020,02,13,1,3,5,2,0,0,1,0,0,0,0,"737776,408300000240000","5693737,349600000300000",12.414426118000051,51.34509292300004,1,2,2,2,Ost
224975,14200210148410223110,14,7,13,000,2020,02,09,2,3,5,2,0,1,1,0,0,0,0,"735771,757500000300000","5693208,454399999200000",12.385343702000057,51.34118028200004,0,0,0,0,Mitte
224977,14200126144200182490,14,7,13,000,2020,01,16,1,3,5,3,0,0,1,0,0,0,0,"733984,203700000420000","5695413,032099999500000",12.361173848000021,51.36170801500003,0,9,9,9,Nord
224980,14200126144200175720,14,7,13,000,2020,01,18,1,2,5,3,2,1,1,0,0,0,0,"731713,460500000040000","5692789,898000000000000",12.326906473000065,51.33909128100004,0,7,7,7,Alt-West
224982,14200126144200169350,14,7,13,000,2020,01,06,1,3,5,3,2,0,1,0,0,0,0,"734977,558000000190000","5696036,123999999800000",12.375828458000058,51.36689116400004,0,9,9,9,Nord
224984,14200201148110188600,14,7,13,000,2020,02,20,7,3,5,3,2,1,1,0,0,0,0,"734876,640700000340000","5694490,792999999600000",12.37336106600003,51.35306147500006,1,0,0,0,Mitte
224985,14200210148210216810,14,7,13,000,2020,02,11,2,3,5,2,0,0,1,0,0,0,0,"741001,088999999690000","5694740,623099999500000",12.461321043000055,51.352740131000076,0,2,2,2,Ost
224986,14200201144200188550,14,7,13,000,2020,02,12,7,2,5,3,0,1,1,0,0,0,0,"735183,766999999990000","5688966,152000000700000",12.374118320000036,51.30334324000006,0,4,4,4,Süd
224987,14200211148410222040,14,7,13,000,2020,02,16,3,3,6,2,0,0,1,1,0,0,0,"734774,599100000230000","5692830,409800000500000",12.37080340700004,51.33819938900007,1,0,0,0,Mitte
224997,14200210148210211410,14,7,13,000,2020,02,05,2,3,0,7,2,0,1,1,0,0,0,"736369,862300000150000","5687643,982999999100000",12.390227719000052,51.290983932000074,1,4,4,4,Süd
225001,14200125148110169420,14,7,13,000,2020,01,18,7,3,5,3,2,0,1,0,1,0,0,"734286,974000000390000","5695620,626199999800000",12.365651813000056,51.36344670600005,0,9,9,9,Nord
225002,14200208144200206760,14,7,13,000,2020,02,19,7,2,5,3,2,0,1,0,0,0,0,"736563,523400000300000","5690726,584400000100000",12.395043448000024,51.318573713000035,0,0,0,0,Mitte
225003,14200131144200251870,14,7,13,000,2020,01,23,6,2,5,3,2,1,1,0,0,0,0,"734205,235000000340000","5692124,707000000400000",12.362179903000026,51.33209943000003,0,0,0,0,Mitte
225005,14200131144200230540,14,7,13,000,2020,01,17,6,3,5,2,2,1,1,0,0,0,0,"735243,134999999780000","5692296,551000000900000",12.377165412000068,51.33321366400003,0,0,0,0,Mitte
225011,14200213148110221990,14,7,13,000,2020,02,10,5,3,5,3,0,1,1,0,0,0,0,"736162,299800000150000","5699778,857599999800000",12.395305053000072,51.39999512800006,0,9,9,9,Nord
225017,14200210144000235120,14,7,13,000,2020,02,09,2,2,3,6,0,0,0,0,0,1,1,"735383,834800000300000","5697767,885700000500000",12.382801129000029,51.38226768900006,1,9,9,9,Nord
225028,14200130148310198930,14,7,13,000,2020,01,22,5,3,1,2,2,0,1,0,1,0,0,"732105,720200000330000","5692669,671000000100000",12.33244991500004,51.33785206200008,1,7,7,7,Alt-West
225029,14200130148110206840,14,7,13,000,2020,01,10,5,3,5,3,0,1,1,0,0,0,0,"736385,525999999610000","5695699,927699999900000",12.395794677000026,51.36328932300006,0,9,9,9,Nord
225032,14200130144200329350,14,7,13,000,2020,01,15,5,3,5,3,0,1,1,0,0,0,0,"734947,557000000030000","5695266,890000000600000",12.374890133000065,51.35999867700008,0,9,9,9,Nord
225034,14200130144200232940,14,7,13,000,2020,01,07,5,3,2,2,0,0,1,0,0,0,0,"731780,743900000120000","5689683,370500000200000",12.325850847000027,51.31117709800003,0,5,5,5,Südwest
225036,14200130144200182520,14,7,13,000,2020,01,13,5,2,6,7,0,0,1,1,0,0,0,"735206,361899999900000","5693801,042799999900000",12.377632020000021,51.346733707000055,0,0,0,0,Mitte
225055,14200124148410165950,14,7,13,000,2020,01,18,6,3,2,2,2,0,1,0,0,0,0,"734818,621799999850000","5692544,367699999400000",12.371245741000052,51.33561358500003,0,0,0,0,Mitte
225057,14200211144200282620,14,7,13,000,2020,02,14,3,3,3,5,0,0,1,0,0,0,0,"730107,832000000400000","5692214,398399999400000",12.30352263800006,51.334577006000075,1,7,7,7,Alt-West
225059,14200124148310165870,14,7,13,000,2020,01,16,6,3,4,6,0,1,1,0,0,0,0,"729246,160699999890000","5689763,529799999700000",12.289598001000059,51.31292313800003,0,6,6,6,West
225061,14200124148210238280,14,7,13,000,2020,01,17,6,3,6,2,2,0,1,1,0,0,0,"734898,824900000360000","5690896,418500000600000",12.371308940000063,51.32078779600005,0,4,4,4,Süd
225065,14200213144200221920,14,7,13,000,2020,02,14,5,2,5,3,0,1,1,0,0,0,0,"737298,011400000190000","5695375,488500000900000",12.408661689000041,51.35999679000008,0,1,1,1,Nordost
225066,14200129144200195720,14,7,13,000,2020,01,13,4,2,5,2,0,1,1,0,0,0,0,"736982,844399999830000","5693766,394700000100000",12.403071633000025,51.34568496500003,0,2,2,2,Ost
225067,14200129144200195661,14,7,13,000,2020,01,03,4,3,9,1,2,0,1,0,0,0,0,"737454,350100000390000","5693057,518300000600000",12.409356926000044,51.33912533100005,0,2,2,2,Ost
225068,14200124148110188590,14,7,13,000,2020,01,22,6,3,5,3,2,1,0,0,0,0,1,"736045,035000000150000","5697775,893999999400000",12.392290974000048,51.38206508300004,1,9,9,9,Nord
225070,14200129144200192650,14,7,13,000,2020,01,15,4,3,5,2,0,0,1,0,0,0,0,"739101,384399999860000","5699445,936100000500000",12.437254842000073,51.395776125000054,0,1,1,1,Nordost
225077,14200128148110175820,14,7,13,000,2020,01,07,3,3,5,3,0,1,1,0,0,0,0,"736571,263000000270000","5697169,605799999100000",12.399435696000069,51.37640398800005,1,1,1,1,Nordost
225078,14200124148110169440,14,7,13,000,2020,01,08,6,3,0,1,0,1,0,0,0,0,0,"735969,195700000040000","5695633,484899999600000",12.389781059000029,51.36286597800006,0,9,9,9,Nord
225080,14200128144200232970,14,7,13,000,2020,01,16,3,3,2,6,0,0,1,0,0,0,0,"739950,583999999800000","5701288,922299999700000",12.450685136000061,51.41195956100006,0,9,9,9,Nord
225081,14200128144200175700,14,7,13,000,2020,01,06,3,2,5,2,1,0,1,0,0,0,0,"734977,558000000190000","5696036,123999999800000",12.375828458000058,51.36689116400004,1,9,9,9,Nord
225085,14200124144200185300,14,7,13,000,2020,01,09,6,3,6,4,0,0,0,1,0,0,1,"733237,549700000320000","5695840,518699999900000",12.35074824700007,51.36585235100006,0,8,8,8,Nordwest
225107,14200127662223187420,14,7,13,000,2020,01,11,2,3,0,7,0,1,1,0,0,0,0,"734778,503700000230000","5692836,554700000200000",12.370863414000041,51.33825293700005,0,0,0,0,Mitte
225108,14200211144100465990,14,7,13,000,2020,02,19,3,3,5,3,2,1,1,0,0,0,0,"734176,805700000380000","5692173,782999999800000",12.361804788000029,51.33255166600003,0,0,0,0,Mitte
225114,14200127148410254190,14,7,13,000,2020,01,18,2,3,5,3,2,1,1,0,0,0,0,"734556,856999999840000","5691371,611400000800000",12.366722697000057,51.32519441300008,1,4,4,4,Süd
225116,14200127148323179860,14,7,13,000,2020,01,09,2,3,5,3,0,1,1,0,0,0,0,"732718,107400000100000","5691270,198100000600000",12.340312249000021,51.325039153000034,0,5,5,5,Südwest
225117,14200127148321179850,14,7,13,000,2020,01,12,2,3,1,7,0,1,0,0,0,0,1,"731752,533699999560000","5692328,651200000200000",12.327166385000055,51.33493483600006,0,7,7,7,Alt-West
225118,14200213148310224320,14,7,13,000,2020,02,16,5,3,5,2,0,1,1,0,0,0,0,"732391,499900000170000","5691544,363299999400000",12.335811582000076,51.32763376500003,1,5,5,5,Südwest
225119,14200127148110172270,14,7,13,000,2020,01,07,2,3,5,2,1,1,1,0,0,0,0,"731814,913999999870000","5696475,502299999800000",12.330761491000032,51.372134705000065,0,8,8,8,Nordwest
225120,14200127144200182530,14,7,13,000,2020,01,13,2,3,2,6,0,0,1,0,0,0,0,"738464,247899999840000","5699698,480699999300000",12.428282822000028,51.398310982000055,0,1,1,1,Nordost
225123,14200127144200179570,14,7,13,000,2020,01,11,2,2,6,4,0,0,1,1,0,0,0,"730277,257699999960000","5691373,000600000800000",12.305406916000038,51.32695519500004,0,6,6,6,West
225125,14200127144200175750,14,7,13,000,2020,01,18,2,3,6,4,2,1,0,1,0,0,0,"735422,738300000320000","5692977,775100000200000",12.38018917900007,51.33925424100005,1,0,0,0,Mitte