OBJECTID,UIDENTSTLAE,ULAND,UREGBEZ,UKREIS,UGEMEINDE,UJAHR,UMONAT,USTUNDE,UWOCHENTAG,UKATEGORIE,UART,UTYP1,ULICHTVERH,IstRad,IstPKW,IstFuss,IstKrad,IstGkfz,IstSonstige,LINREFX,LINREFY,XGCSWGS84,YGCSWGS84,STRZUSTAND,index_right,FID,SBZ,Name
225127,14200212144200225020,14,7,13,000,2020,02,15,4,3,2,2,0,0,1,0,0,0,0,"731780,620900000450000","5689684,031500000500000",12.325849515000073,51.31118308100008,0,5,5,5,Südwest
225128,14200127144200175710,14,7,13,000,2020,01,10,2,1,6,2,0,0,0,1,0,1,0,"731977,569699999880000","5688515,163599999600000",12.327910619000022,51.30061010600008,0,5,5,5,Südwest
225130,14200123148110165740,14,7,13,000,2020,01,14,5,3,2,6,0,0,1,0,1,0,0,"735763,404699999840000","5694505,478599999100000",12.38608289900003,51.35282616300003,0,9,9,9,Nord
225132,14200306149410288890,14,7,13,000,2020,03,08,6,3,3,5,0,1,0,0,0,0,1,"738078,184700000100000","5693726,585100000700000",12.418744098000047,51.34487001400004,0,2,2,2,Ost
225133,14200303144200265370,14,7,13,000,2020,03,06,3,2,2,6,1,0,1,0,1,0,0,"732212,597500000150000","5694011,357699999600000",12.334856568000077,51.34985239000008,1,7,7,7,Alt-West
225142,14200221148421320550,14,7,13,000,2020,02,09,6,3,6,7,0,0,1,1,0,0,0,"736428,361200000160000","5692369,333799999200000",12.394196918000034,51.33337554900004,0,3,3,3,Südost
225146,14200227148410260710,14,7,13,000,2020,02,10,5,3,2,6,0,0,1,0,0,0,0,"734800,403199999590000","5692995,104399999600000",12.371281772000032,51.33966710000004,0,0,0,0,Mitte
225150,14200305148210320510,14,7,13,000,2020,03,07,5,3,4,2,0,1,1,0,0,0,0,"736731,267900000330000","5688797,423699999200000",12.396166274000052,51.30118741200005,0,4,4,4,Süd
225155,14200302148210259580,14,7,13,000,2020,03,07,2,3,1,5,0,1,1,0,0,0,0,"735069,636699999680000","5690481,889299999900000",12.373482643000045,51.316996276000054,1,4,4,4,Süd
225160,14200307148310293050,14,7,13,000,2020,03,12,7,3,3,7,0,0,1,0,0,0,0,"731069,804399999790000","5692085,437500000000000",12.317224674000045,51.33302932300006,0,7,7,7,Alt-West
225167,14200220148410254230,14,7,13,000,2020,02,22,5,3,5,3,2,1,1,0,0,0,0,"736383,859000000170000","5695701,117799999200000",12.395771566000064,51.363300699000035,0,9,9,9,Nord
225168,14200220144200235140,14,7,13,000,2020,02,15,5,3,2,6,0,0,1,0,0,0,0,"734788,174599999560000","5692725,696200000100000",12.370928938000077,51.337253833000034,0,0,0,0,Mitte
225173,14200303148310260690,14,7,13,000,2020,03,10,3,3,5,2,0,1,1,0,0,0,0,"730536,088600000370000","5693858,603199999800000",12.310724239000024,51.349163529000066,1,7,7,7,Alt-West
225174,14200220144100244400,14,7,13,000,2020,02,09,5,3,5,3,0,1,1,0,0,0,0,"735464,848299999720000","5691975,756899999500000",12.380130419000068,51.330242370000065,0,0,0,0,Mitte
225180,14200229144200329340,14,7,13,000,2020,02,02,7,3,8,1,2,0,1,0,0,0,0,"727983,330500000160000","5691089,224099999300000",12.272356247000062,51.325331567000035,1,6,6,6,West
225181,14200226148110246920,14,7,13,000,2020,02,07,4,3,6,2,0,0,1,1,0,0,0,"731317,769600000230000","5696726,744599999900000",12.323794836000047,51.37459273600007,1,8,8,8,Nordwest
225187,14200228148110254110,14,7,13,000,2020,02,11,6,3,4,2,0,0,1,0,0,0,0,"735739,251400000420000","5695364,110500000400000",12.386305511000046,51.360543463000056,0,9,9,9,Nord
225194,14200302148410260700,14,7,13,000,2020,03,07,2,3,5,3,0,1,1,0,0,0,0,"733645,947900000030000","5693959,064899999600000",12.35536912300006,51.34879564700003,1,0,0,0,Mitte
225197,14200304144200270350,14,7,13,000,2020,03,09,4,3,3,2,0,1,1,0,0,0,0,"737241,403099999760000","5692226,326500000400000",12.405751741000074,51.331753364000065,0,3,3,3,Südost
225204,14200305144200277810,14,7,13,000,2020,03,10,5,3,5,3,0,1,1,0,0,0,0,"736458,720599999650000","5693786,155899999700000",12.395572550000054,51.34608057500003,0,2,2,2,Ost
225213,14200227144200251910,14,7,13,000,2020,02,11,5,3,6,4,0,0,1,1,0,0,0,"734527,089700000360000","5694939,223999999500000",12.368645584000035,51.35723111200008,0,9,9,9,Nord
225220,14200229148410268230,14,7,13,000,2020,02,05,7,3,6,6,2,0,1,1,0,0,0,"734826,142300000410000","5692777,151000000500000",12.371506959000044,51.33770003600006,1,0,0,0,Mitte
225221,14200226148410246990,14,7,13,000,2020,02,21,4,3,5,3,2,1,1,0,0,0,0,"736338,362300000150000","5692759,982599999800000",12.393166461000021,51.336919496000064,0,0,0,0,Mitte
225224,14200303144200300520,14,7,13,000,2020,03,16,3,3,5,3,1,0,1,0,0,0,0,"735183,766999999990000","5688966,152000000700000",12.374118320000036,51.30334324000006,0,4,4,4,Süd
225226,14200223148410293110,14,7,13,000,2020,02,13,1,3,4,2,0,0,1,0,0,0,0,"735762,723699999970000","5692887,729699999100000",12.38500193300007,51.33830511600007,0,0,0,0,Mitte
225228,14200303148410320210,14,7,13,000,2020,03,06,3,3,0,1,1,1,0,0,0,0,0,"735286,944899999540000","5693681,964500000700000",12.378708364000033,51.34563147700004,1,0,0,0,Mitte
225229,14200218148210230670,14,7,13,000,2020,02,06,3,3,5,3,1,1,1,0,0,0,0,"738137,281100000250000","5690521,498500000700000",12.41744932000006,51.31607649500006,0,3,3,3,Südost
225230,14200223148123246940,14,7,13,000,2020,02,15,1,2,1,1,0,1,1,0,0,0,0,"734907,799599999560000","5694337,159900000300000",12.373706345000073,51.35166953300006,1,0,0,0,Mitte
225234,14200309144200280210,14,7,13,000,2020,03,19,2,3,5,3,2,1,1,0,0,0,0,"734203,971900000240000","5692890,288400000000000",12.362665100000072,51.33897218100003,0,0,0,0,Mitte
225235,14200304148410288800,14,7,13,000,2020,03,17,4,3,3,2,0,1,1,0,0,0,0,"736340,763500000350000","5692763,189600000200000",12.393202999000039,51.336947284000075,0,0,0,0,Mitte
225238,14200218144200342450,14,7,13,000,2020,02,21,3,3,5,3,2,0,1,0,0,0,0,"732426,339599999600000","5691646,619999999200000",12.336377456000037,51.32853746400008,0,5,5,5,Südwest
225240,14200302144200265490,14,7,13,000,2020,03,08,2,3,0,7,0,0,1,0,0,0,0,"735769,199900000360000","5693031,371400000500000",12.38518982200003,51.33959179800007,1,0,0,0,Mitte
225247,14200218144200265400,14,7,13,000,2020,02,18,3,2,4,1,2,0,1,0,0,0,0,"730809,224700000140000","5694765,623299999200000",12.315227934000063,51.357194915000036,1,7,7,7,Alt-West
225251,14200218144200232950,14,7,13,000,2020,02,16,3,2,5,3,0,1,1,0,0,0,0,"736805,018099999990000","5695801,522399999200000",12.401877131000049,51.36402656400003,0,1,1,1,Nordost
225258,14200305144200268110,14,7,13,000,2020,03,23,5,3,1,7,2,0,1,0,1,0,0,"731985,910099999980000","5690975,345400000000000",12.329629883000052,51.32269134500007,1,5,5,5,Südwest
225259,14200225148310300570,14,7,13,000,2020,02,14,3,3,4,2,0,0,1,0,0,0,1,"730411,711000000130000","5690951,894799999900000",12.307061219000047,51.32312048600005,0,6,6,6,West
225267,14200302148210260650,14,7,13,000,2020,03,05,2,2,3,6,2,1,1,0,0,0,0,"735073,505699999630000","5689890,752399999600000",12.373148482000033,51.31168838600007,1,4,4,4,Süd
225270,14200224148310244460,14,7,13,000,2020,02,08,2,3,5,3,0,1,0,0,0,0,1,"730950,612999999900000","5691284,528899999300000",12.31499761300006,51.32588803500005,0,7,7,7,Alt-West
225273,14200307148310322780,14,7,13,000,2020,03,01,7,3,9,1,2,0,1,0,0,0,0,"730775,065999999640000","5694749,590099999700000",12.314727779000066,51.35706486000004,1,7,7,7,Alt-West
225275,14200217148210246960,14,7,13,000,2020,02,15,2,3,5,2,0,1,1,0,0,0,0,"733898,726999999960000","5692473,834000000700000",12.358017079000035,51.335359502000074,0,0,0,0,Mitte
225277,14200217144200232990,14,7,13,000,2020,02,14,2,3,5,3,0,1,1,0,0,0,0,"730686,970700000410000","5690324,215199999500000",12.310598809000055,51.31737428300005,0,5,5,5,Südwest
225278,14200229148310260670,14,7,13,000,2020,02,01,7,3,8,1,2,1,0,0,0,0,0,"730321,968399999660000","5689856,277200000400000",12.305067829000052,51.31332142500003,1,5,5,5,Südwest
225284,14200303148310272680,14,7,13,000,2020,03,07,3,3,5,3,0,1,1,0,0,0,0,"730264,060399999840000","5694571,058199999900000",12.307285584000056,51.355669470000066,1,7,7,7,Alt-West
225287,14200224148220254140,14,7,13,000,2020,02,15,2,3,1,5,0,1,1,0,0,0,0,"736483,217000000180000","5688322,079099999700000",12.392299541000057,51.29702366200007,1,4,4,4,Süd
225289,14200224144200302640,14,7,13,000,2020,02,17,2,3,1,6,0,1,1,0,0,0,0,"737297,175699999560000","5695369,844499999700000",12.408645943000067,51.35994647800004,1,1,1,1,Nordost
225292,14200304144200275120,14,7,13,000,2020,03,13,4,1,6,4,0,0,0,1,0,1,0,"739305,708700000310000","5693852,542400000600000",12.43642174200005,51.34548524200005,0,2,2,2,Ost
225294,14200226148221254160,14,7,13,000,2020,02,16,4,2,0,4,0,1,0,1,0,0,0,"736356,594399999830000","5691825,406400000700000",12.392807796000056,51.32852297000005,0,0,0,0,Mitte
225300,14200228148310257310,14,7,13,000,2020,02,10,6,3,3,2,0,1,1,0,0,0,0,"731749,718899999750000","5692089,245899999500000",12.326970324000058,51.332786886000065,1,7,7,7,Alt-West
225306,14200216148310225050,14,7,13,000,2020,02,10,1,3,5,3,0,0,1,0,0,0,0,"731812,307500000110000","5691275,765300000100000",12.327338078000025,51.32545891600006,0,5,5,5,Südwest
225310,14200224144200251900,14,7,13,000,2020,02,12,2,3,4,6,0,0,1,0,0,0,0,"731804,297500000340000","5696480,887599999100000",12.33061274000005,51.37218738000007,0,8,8,8,Nordwest
225313,14200216144200224250,14,7,13,000,2020,02,13,1,2,4,2,0,0,1,0,1,0,0,"736725,379700000400000","5697573,811699999500000",12.401915345000077,51.379967943000054,0,1,1,1,Nordost
225316,14200305144200302660,14,7,13,000,2020,03,11,5,2,3,6,0,1,0,0,0,1,0,"734014,708999999800000","5695602,485200000900000",12.361735886000076,51.36339606900003,0,9,9,9,Nord
225321,14200302144200280220,14,7,13,000,2020,03,12,2,3,3,2,0,1,1,0,0,0,0,"735461,984000000170000","5694278,428799999900000",12.381611729000042,51.35091304800005,0,0,0,0,Mitte
225326,14200307148210309450,14,7,13,000,2020,03,17,7,2,5,2,0,1,1,0,0,0,0,"734769,311800000260000","5691301,478700000800000",12.369720329000074,51.324477244000036,0,4,4,4,Süd
225335,14200229148410291410,14,7,13,000,2020,02,19,7,3,5,3,2,0,1,0,0,0,0,"737385,481300000100000","5691589,935200000200000",12.407392268000024,51.32598095600008,0,3,3,3,Südost
225336,14200224144200246880,14,7,13,000,2020,02,08,2,3,5,3,0,1,1,0,0,0,0,"734840,637400000360000","5691796,221300000300000",12.371068150000042,51.32888882600008,0,0,0,0,Mitte
225337,14200226148410288810,14,7,13,000,2020,02,11,4,3,2,2,0,0,1,0,0,0,0,"734557,959499999880000","5691373,286299999800000",12.366739594000023,51.32520899300005,1,4,4,4,Süd
225340,14200303144320387800,14,7,13,000,2020,03,20,3,3,1,6,1,0,1,0,0,0,0,"732473,148000000040000","5692583,406199999200000",12.337659347000056,51.33692760500003,0,7,7,7,Alt-West
225341,14200215148410439590,14,7,13,000,2020,02,19,7,3,4,6,0,1,0,0,0,0,0,"737275,188000000080000","5693837,206800000700000",12.40730890900005,51.34619864500007,0,2,2,2,Ost
225345,14200229144200257270,14,7,13,000,2020,02,04,7,3,5,3,2,1,1,0,0,0,0,"733986,838399999770000","5692380,155899999700000",12.359218210000051,51.33448235600008,1,0,0,0,Mitte
225346,14200226148110246910,14,7,13,000,2020,02,07,4,3,6,2,0,0,1,1,0,0,0,"737296,355299999940000","5695364,303400000600000",12.40863048400007,51.35989708400007,1,1,1,1,Nordost
225351,14200215148410241270,14,7,13,000,2020,02,14,7,3,5,2,0,1,1,0,0,0,0,"734206,887500000190000","5692887,175599999700000",12.362704837000024,51.33894303900007,0,0,0,0,Mitte
225358,14200215148410223120,14,7,13,000,2020,02,06,7,3,5,3,1,1,1,0,0,0,0,"737384,614500000140000","5691590,256899999500000",12.407380064000051,51.325984206000044,0,3,3,3,Südost
225360,14200215148410223100,14,7,13,000,2020,02,01,7,2,0,1,2,1,0,0,0,0,0,"737189,514600000340000","5693988,881899999500000",12.40618200800003,51.347595840000054,1,2,2,2,Ost
225364,14200215144200275140,14,7,13,000,2020,02,19,7,2,2,6,2,1,1,0,0,0,0,"740949,383399999700000","5690363,507799999800000",12.457619967000028,51.31347487600004,0,3,3,3,Südost
225370,14200305144200270330,14,7,13,000,2020,03,07,5,3,3,2,0,1,1,0,0,0,0,"734207,154000000100000","5692886,891000000800000",12.36270846900004,51.33894037400006,0,0,0,0,Mitte
225371,14200225148410254180,14,7,13,000,2020,02,14,3,3,5,3,0,1,1,0,0,0,0,"734845,143699999900000","5691800,432800000500000",12.371135492000064,51.32892477000007,0,0,0,0,Mitte
225377,14200302148310300560,14,7,13,000,2020,03,14,2,3,5,3,0,1,1,0,0,0,0,"730176,906000000420000","5684835,453999999900000",12.299754246000077,51.26830761400004,0,5,5,5,Südwest
225383,14200307148410293091,14,7,13,000,2020,03,14,7,3,3,2,0,1,1,0,0,0,0,"735978,698400000110000","5692880,188999999300000",12.388092012000072,51.33814785000004,0,0,0,0,Mitte
225387,14200229148310268220,14,7,13,000,2020,02,18,7,2,6,4,1,0,1,1,0,0,0,"731160,697999999860000","5691922,014000000400000",12.318421167000054,51.331525354000064,0,7,7,7,Alt-West
225388,14200226148410246980,14,7,13,000,2020,02,07,4,3,3,3,0,1,1,0,0,0,0,"734360,935600000430000","5691642,591099999800000",12.364093904000072,51.32770759700003,1,0,0,0,Mitte
225393,14200303148410287590,14,7,13,000,2020,03,15,3,2,6,4,0,0,1,1,0,0,0,"734852,332200000060000","5692090,368000000700000",12.37142956200006,51.331524380000076,0,0,0,0,Mitte
225394,14200214148210222010,14,7,13,000,2020,02,06,6,2,5,3,2,1,1,0,0,0,0,"740547,710900000300000","5691719,173699999200000",12.452781716000061,51.325812780000035,1,2,2,2,Ost
225396,14200224144200244420,14,7,13,000,2020,02,16,2,3,5,2,0,0,1,0,0,0,0,"736438,606900000010000","5691190,845200000300000",12.393561937000072,51.32279293400006,1,0,0,0,Mitte
225400,14200309144200280200,14,7,13,000,2020,03,10,2,3,4,2,0,0,1,0,0,0,0,"734006,387500000190000","5695594,541999999400000",12.361611338000046,51.363328194000076,1,9,9,9,Nord
225401,14200304148310265470,14,7,13,000,2020,03,13,4,3,5,3,0,1,1,0,0,0,0,"732437,835199999620000","5691679,453900000100000",12.336563584000032,51.328827508000074,0,5,5,5,Südwest
225404,14200214148110223070,14,7,13,000,2020,02,16,6,3,7,7,0,0,1,0,0,0,0,"735801,889700000170000","5698429,482699999600000",12.389237046000062,51.38803283000004,1,9,9,9,Nord
225405,14200302144200265380,14,7,13,000,2020,03,17,2,3,2,2,0,0,1,0,0,0,0,"734011,980200000110000","5695603,335500000000000",12.36169731700005,51.36340482500003,0,9,9,9,Nord
225413,14200405144200402280,14,7,13,000,2020,04,10,1,2,5,2,0,0,1,0,0,0,1,"728918,242999999780000","5689649,390000000600000",12.284827563000022,51.31203045900003,0,6,6,6,West
225415,14200314148310291390,14,7,13,000,2020,03,20,7,3,5,3,2,0,1,0,0,0,0,"731814,201899999750000","5689253,028100000700000",12.326050470000041,51.30730035000005,0,5,5,5,Südwest
225417,14200314148210293040,14,7,13,000,2020,03,22,7,3,9,1,2,0,1,0,0,0,0,"736737,911299999800000","5689049,806299999400000",12.396428792000052,51.30345009300004,0,4,4,4,Süd
225423,14200401144200345150,14,7,13,000,2020,04,18,4,2,5,2,0,0,1,0,0,0,1,"727481,746399999600000","5689006,078800000300000",12.26384061300007,51.30683110500007,0,6,6,6,West
225428,14200314144200304900,14,7,13,000,2020,03,09,7,3,5,3,0,1,1,0,0,0,0,"729683,099899999800000","5690307,094699999300000",12.29620683500002,51.31762663600006,0,6,6,6,West
225431,14200331148310328240,14,7,13,000,2020,03,13,3,3,5,2,0,1,1,0,0,0,0,"730222,511400000190000","5694085,578999999900000",12.306375823000053,51.351328171000034,0,7,7,7,Alt-West
225444,14200406148320358430,14,7,13,000,2020,04,21,2,3,5,3,2,1,1,0,0,0,0,"730512,714999999850000","5690719,637800000600000",12.308358153000029,51.32099460400008,0,7,7,7,Alt-West
225450,14200313144200302620,14,7,13,000,2020,03,13,6,3,1,6,0,0,1,0,0,0,0,"732155,845499999820000","5690959,895999999700000",12.332054433000053,51.32248334800005,0,5,5,5,Südwest
225457,14200328148320324640,14,7,13,000,2020,03,15,7,3,9,1,0,0,1,0,0,0,0,"729979,123300000090000","5691223,030300000700000",12.301038352000035,51.32572950300005,0,6,6,6,West
225481,14200327144310322750,14,7,13,000,2020,03,09,6,3,4,2,0,0,1,0,0,0,0,"740916,206799999810000","5695194,828400000900000",12.460411816000033,51.35685285300008,0,2,2,2,Ost
225487,14200326148110322770,14,7,13,000,2020,03,13,5,3,4,1,0,0,1,0,0,0,0,"730761,345999999900000","5696292,657999999800000",12.315532223000048,51.370922360000066,0,8,8,8,Nordwest
225488,14200326144200400030,14,7,13,000,2020,03,14,5,3,5,2,0,1,0,0,0,0,1,"736977,120199999770000","5693014,260199999400000",12.402489089000028,51.33893611500008,0,2,2,2,Ost
225490,14200312144200288750,14,7,13,000,2020,03,08,5,3,5,3,0,1,1,0,0,0,0,"735284,026100000370000","5692733,875199999700000",12.37804016900003,51.337122323000074,0,0,0,0,Mitte
225499,14200325148320320990,14,7,13,000,2020,03,12,4,3,8,1,0,0,1,0,0,0,0,"729792,196999999690000","5694124,564600000200000",12.300231986000028,51.351852274000066,0,7,7,7,Alt-West
225503,14200405144200345130,14,7,13,000,2020,04,20,1,2,9,1,2,1,0,0,0,0,0,"732545,468299999830000","5695954,934499999500000",12.340898632000062,51.36716312900006,0,8,8,8,Nordwest
225520,14200405148110346430,14,7,13,000,2020,04,15,1,3,3,2,0,1,0,0,1,0,0,"730902,786899999720000","5696296,056500000900000",12.317562967000072,51.370895388000065,0,8,8,8,Nordwest
225535,14200311148310282670,14,7,13,000,2020,03,06,4,3,3,5,0,0,1,0,0,0,0,"729270,484699999910000","5694924,616800000900000",12.293268037000075,51.35924509400007,1,7,7,7,Alt-West
225537,14200311148210291350,14,7,13,000,2020,03,19,4,3,6,4,2,0,1,1,0,0,0,"735389,520700000230000","5691289,225099999500000",12.37859770700004,51.32411099800004,0,4,4,4,Süd
225542,14200322144200310580,14,7,13,000,2020,03,16,1,3,5,3,0,1,1,0,0,0,0,"733081,207600000310000","5694143,770500000600000",12.347394759000053,51.35068551200004,0,0,0,0,Mitte
225543,14200321144200328160,14,7,13,000,2020,03,14,7,2,5,3,0,0,1,0,0,0,0,"737188,084999999960000","5693906,187799999500000",12.406106425000075,51.34685416900004,0,2,2,2,Ost
225544,14200311148110291331,14,7,13,000,2020,03,17,4,3,5,3,0,1,1,0,0,0,0,"737309,152099999600000","5697091,079399999200000",12.409966305000069,51.375391283000056,0,1,1,1,Nordost
225546,14200311144200287510,14,7,13,000,2020,03,22,4,2,5,3,2,1,1,0,0,0,0,"737297,829199999570000","5695374,257700000000000",12.408658256000024,51.35998581800004,1,1,1,1,Nordost
225549,14200320662212309590,14,7,13,000,2020,03,08,6,3,0,7,0,1,0,0,0,0,0,"737170,949599999930000","5693758,832800000900000",12.405762663000075,51.34553865000004,0,2,2,2,Ost
225553,14200320144200321321,14,7,13,000,2020,03,09,6,2,5,3,0,0,1,0,1,0,0,"737184,096900000240000","5694048,604699999100000",12.406144144000052,51.34813417600003,0,2,2,2,Ost
225562,14200319148410321010,14,7,13,000,2020,03,10,5,3,0,1,0,1,0,0,0,0,0,"735007,345800000240000","5691944,896900000100000",12.373554790000071,51.33015455200007,0,0,0,0,Mitte
225564,14200319148410304950,14,7,13,000,2020,03,12,5,3,4,2,0,1,1,0,0,0,0,"734282,271300000140000","5693502,651100000400000",12.364190077000046,51.344436779000034,0,0,0,0,Mitte
225565,14200319148120305100,14,7,13,000,2020,03,17,5,3,0,7,0,1,0,0,0,0,0,"738054,156999999660000","5694668,993000000700000",12.419029935000026,51.353339074000075,0,1,1,1,Nordost
225568,14200319148110320910,14,7,13,000,2020,03,05,5,3,6,4,1,0,0,1,0,0,1,"738431,692400000060000","5695146,142599999900000",12.424761560000036,51.35746366300003,0,1,1,1,Nordost
225569,14200319148110312360,14,7,13,000,2020,03,12,5,3,1,5,0,0,1,0,0,0,0,"734378,407800000160000","5696251,514399999800000",12.367378661000032,51.36907209700007,0,9,9,9,Nord
225580,14200310148421280350,14,7,13,000,2020,03,11,3,3,6,6,0,0,1,1,0,0,0,"734914,464999999850000","5692724,218000000300000",12.372737783000048,51.33718841100006,1,0,0,0,Mitte
225587,14200310148410293100,14,7,13,000,2020,03,08,3,3,1,7,0,0,1,0,0,0,0,"735322,341199999680000","5694528,639100000300000",12.379775412000072,51.35321683900003,0,0,0,0,Mitte
225589,14200310148410280330,14,7,13,000,2020,03,09,3,3,0,1,0,1,0,0,0,0,0,"736538,129999999890000","5693452,263900000600000",12.396488924000039,51.34305047500004,1,2,2,2,Ost
225595,14200310148110282650,14,7,13,000,2020,03,20,3,3,1,5,2,1,1,0,0,0,0,"734576,620900000450000","5694862,519999999600000",12.369305140000051,51.35652214400005,1,9,9,9,Nord
225600,14200310148110282640,14,7,13,000,2020,03,09,3,3,5,3,0,0,1,0,0,0,0,"735099,542500000450000","5695913,029600000000000",12.377496316000077,51.36573576300003,1,9,9,9,Nord
225601,14200310144200300480,14,7,13,000,2020,03,15,3,3,5,3,0,1,1,0,0,0,0,"734546,092000000180000","5695706,928899999700000",12.369424178000031,51.36411448400003,1,9,9,9,Nord
225603,14200404144200502050,14,7,13,000,2020,04,23,7,2,8,1,2,0,1,0,0,0,0,"739121,805999999870000","5693706,559000000400000",12.433687963000068,51.34425230000005,0,2,2,2,Ost
225605,14200406144200377880,14,7,13,000,2020,04,10,2,3,6,4,0,0,1,1,0,0,0,"737508,867999999780000","5693746,465299999300000",12.410597680000024,51.34528657300007,0,2,2,2,Ost
225611,14200402148322359900,14,7,13,000,2020,04,15,5,3,6,7,0,0,1,1,0,0,0,"728184,317300000230000","5688539,693499999100000",12.273605061000069,51.302363040000046,0,6,6,6,West
225618,14200402148120330770,14,7,13,000,2020,04,21,5,3,8,1,2,0,1,0,0,0,0,"737925,176500000060000","5695248,433499999300000",12.417568432000053,51.358594105000066,0,1,1,1,Nordost
225621,14200317144200326120,14,7,13,000,2020,03,14,3,3,1,7,0,0,1,0,0,0,1,"741030,368200000380000","5687136,888000000300000",12.456601447000025,51.28447957100008,0,3,3,3,Südost
225622,14200317144200322710,14,7,13,000,2020,03,07,3,2,5,3,0,1,1,0,0,0,0,"730661,023000000040000","5690361,846999999100000",12.310251440000059,51.31772262100003,0,6,6,6,West
225638,14200316148210326180,14,7,13,000,2020,03,12,2,3,1,7,0,0,1,1,0,0,0,"738179,025200000030000","5694037,224800000000000",12.420397179000076,51.347616059000075,0,2,2,2,Ost
225641,14200316148210309440,14,7,13,000,2020,03,15,2,3,1,6,0,0,1,0,0,0,0,"736701,961699999870000","5689806,504100000500000",12.396415932000025,51.31025732300003,0,4,4,4,Süd
225642,14200316144200342460,14,7,13,000,2020,03,08,2,3,8,1,0,0,1,0,0,0,0,"733985,800999999980000","5693110,671599999100000",12.359683202000042,51.34104026400007,0,0,0,0,Mitte
225644,14200316144200300430,14,7,13,000,2020,03,11,2,2,5,3,0,0,1,0,1,0,0,"738086,334800000300000","5697556,015100000400000",12.421423987000026,51.37923921600003,0,1,1,1,Nordost
225651,14200309148410302710,14,7,13,000,2020,03,11,2,3,2,6,0,0,1,0,0,1,0,"735018,108400000260000","5692553,087700000000000",12.37411015500004,51.33560946000006,0,0,0,0,Mitte
225654,14200406143263375670,14,7,13,000,2020,04,20,2,3,5,3,1,1,1,0,0,0,0,"736849,910400000400000","5692030,112500000700000",12.400011832000075,51.330155268000055,0,3,3,3,Südost
225658,14200315144200375780,14,7,13,000,2020,03,12,1,2,6,4,0,0,1,1,0,0,0,"735093,923000000420000","5696942,801599999900000",12.378096643000049,51.374981622000064,0,9,9,9,Nord
225660,14200309148410287610,14,7,13,000,2020,03,19,2,3,4,2,2,0,1,0,0,0,1,"734582,149299999700000","5691404,117300000000000",12.367106449000062,51.32547577300005,1,0,0,0,Mitte
225663,14200315144200300410,14,7,13,000,2020,03,15,1,3,3,6,0,0,0,0,1,0,0,"741873,005400000140000","5691566,701400000600000",12.471663937000073,51.32388240200004,0,2,2,2,Ost
225669,14200309148410277930,14,7,13,000,2020,03,15,2,2,2,6,0,1,0,0,0,0,0,"734792,721300000320000","5692841,805199999400000",12.371070627000051,51.33829419700004,0,0,0,0,Mitte
225670,14200405144200393620,14,7,13,000,2020,04,15,1,3,1,7,0,1,1,0,0,0,0,"737680,459300000220000","5691318,491100000200000",12.411437301000035,51.32342130700005,0,3,3,3,Südost
225677,14200413148210359850,14,7,13,000,2020,04,04,2,3,0,1,2,1,0,0,0,0,0,"740877,144299999810000","5688177,711699999900000",12.455110209000054,51.29388648400004,1,3,3,3,Südost
225679,14200413148210348740,14,7,13,000,2020,04,05,2,3,5,2,1,0,1,0,0,0,0,"739635,479100000110000","5692345,084799999400000",12.440133923000076,51.33181577700003,1,2,2,2,Ost
225682,14200427144200384670,14,7,13,000,2020,04,14,2,3,5,3,0,1,1,0,0,0,0,"733823,169300000180000","5697900,824500000100000",12.360501208000073,51.384105859000044,0,9,9,9,Nord
225688,14200428148410397010,14,7,13,000,2020,04,10,3,3,2,2,0,0,1,0,0,0,0,"735334,780500000340000","5692596,461100000900000",12.378676727000027,51.33586784800008,0,0,0,0,Mitte
225692,14200412144200348330,14,7,13,000,2020,04,14,1,3,0,1,0,1,0,0,0,0,0,"739307,966900000350000","5690709,379300000100000",12.43434329400003,51.317271848000075,0,3,3,3,Südost
225694,14200417144200370250,14,7,13,000,2020,04,18,6,2,6,4,0,1,0,1,0,0,0,"738024,573499999940000","5693727,805800000200000",12.41797654100003,51.34490341800006,0,2,2,2,Ost
225699,14200412143263375680,14,7,13,000,2020,04,19,1,3,3,6,0,1,1,0,0,0,0,"733485,970999999900000","5695469,779600000000000",12.354067187000055,51.362422363000064,0,9,9,9,Nord
225703,14200426148223393580,14,7,13,000,2020,04,19,1,3,1,1,0,1,1,0,0,0,0,"738173,127700000070000","5692996,948200000500000",12.419616892000022,51.33828107000005,0,2,2,2,Ost
225710,14200423148410388080,14,7,13,000,2020,04,08,5,3,4,2,0,1,1,0,0,0,0,"735358,804999999700000","5692020,089999999900000",12.378640275000066,51.33068420400008,0,0,0,0,Mitte
225712,14200421144320433130,14,7,13,000,2020,04,18,3,3,4,7,0,0,1,1,0,0,0,"737730,546900000420000","5693819,824699999800000",12.413823878000073,51.345852397000044,0,2,2,2,Ost