OBJECTID,UIDENTSTLAE,ULAND,UREGBEZ,UKREIS,UGEMEINDE,UJAHR,UMONAT,USTUNDE,UWOCHENTAG,UKATEGORIE,UART,UTYP1,ULICHTVERH,IstRad,IstPKW,IstFuss,IstKrad,IstGkfz,IstSonstige,LINREFX,LINREFY,XGCSWGS84,YGCSWGS84,STRZUSTAND,index_right,FID,SBZ,Name
225721,14200416144200393450,14,7,13,000,2020,04,14,5,3,2,6,0,0,1,0,0,0,0,"737228,662600000390000","5692183,574300000400000",12.405540728000062,51.33137493000004,0,3,3,3,Südost
225724,14200421144200370240,14,7,13,000,2020,04,06,3,3,1,3,0,1,1,0,0,0,0,"739008,840499999930000","5691197,147399999200000",12.430385683000054,51.32177569800007,0,3,3,3,Südost
225731,14200422148310380670,14,7,13,000,2020,04,21,4,3,5,3,1,0,1,0,0,0,0,"730405,207000000400000","5693641,556099999700000",12.308707539000068,51.34726817000006,0,7,7,7,Alt-West
225738,14200411148410347910,14,7,13,000,2020,04,17,7,3,5,3,0,1,0,0,0,0,1,"734804,358000000010000","5692497,375000000000000",12.371010367000054,51.335197648000076,0,0,0,0,Mitte
225739,14200427148210410370,14,7,13,000,2020,04,15,2,3,5,3,0,0,1,0,0,0,1,"735399,252000000330000","5690888,245999999300000",12.378472374000069,51.32050764000007,0,4,4,4,Süd
225746,14200411144200370270,14,7,13,000,2020,04,18,7,3,3,6,0,0,1,0,1,0,0,"730258,328999999910000","5691363,217100000000000",12.305129377000071,51.32687503000005,0,6,6,6,West
225764,14200421144200387740,14,7,13,000,2020,04,22,3,3,5,3,2,1,0,0,0,0,1,"735016,885900000110000","5693031,077600000400000",12.374407998000038,51.33990058100005,0,0,0,0,Mitte
225768,14200421148410413650,14,7,13,000,2020,04,17,3,3,3,5,0,1,1,0,0,0,0,"735323,204300000330000","5692481,898600000900000",12.378435166000031,51.33484428600008,0,0,0,0,Mitte
225773,14200416144200361260,14,7,13,000,2020,04,14,5,2,3,6,0,1,0,0,0,0,1,"737078,206799999810000","5697112,580800000600000",12.406668427000056,51.375680732000035,0,1,1,1,Nordost
225780,14200418148410362470,14,7,13,000,2020,04,17,7,3,5,3,0,1,1,0,0,0,0,"736994,438000000080000","5693981,263900000600000",12.40338083000006,51.34760881700004,0,2,2,2,Ost
225793,14200427144200448570,14,7,13,000,2020,04,13,2,2,4,2,0,0,1,0,0,0,1,"739909,266099999660000","5693137,030300000700000",12.444589997000037,51.33880865300006,0,2,2,2,Ost
225795,14200424148310377930,14,7,13,000,2020,04,09,6,3,5,3,0,0,1,0,0,0,0,"729778,316700000320000","5691144,423299999900000",12.298110502000043,51.32510497900006,0,6,6,6,West
225796,14200415148410427250,14,7,13,000,2020,04,18,4,3,6,2,0,0,1,1,0,0,0,"735975,007000000220000","5691617,265200000300000",12.387202735000074,51.326813052000034,0,0,0,0,Mitte
225801,14200422144200410170,14,7,13,000,2020,04,15,4,3,3,5,0,1,1,0,0,0,0,"736864,565700000150000","5693048,692700000500000",12.400899000000038,51.33929207800003,0,3,3,3,Südost
225803,14200420144200400000,14,7,13,000,2020,04,11,2,3,5,3,0,0,1,0,0,0,0,"737970,742999999780000","5691388,043700000300000",12.415642239000022,51.32392427900004,0,3,3,3,Südost
225806,14200417148210377910,14,7,13,000,2020,04,16,6,3,2,5,0,1,1,0,0,0,0,"737250,248399999920000","5692211,889000000400000",12.405868868000027,51.33162008200003,0,3,3,3,Südost
225811,14200421662211373900,14,7,13,000,2020,04,18,3,3,7,7,0,1,0,1,0,0,0,"734736,416600000110000","5694772,463600000400000",12.371536668000033,51.35564778500003,0,0,0,0,Mitte
225816,14200426148310380680,14,7,13,000,2020,04,16,1,3,1,5,0,1,1,0,0,0,0,"732363,415400000290000","5690748,094100000300000",12.334890165000047,51.320497325000076,0,5,5,5,Südwest
225817,14200416148410363850,14,7,13,000,2020,04,18,5,3,2,6,0,0,1,0,0,0,0,"734633,235500000420000","5692457,852199999600000",12.368532147000053,51.33491349600007,0,0,0,0,Mitte
225818,14200429144200396750,14,7,13,000,2020,04,20,4,3,5,3,1,0,1,0,0,0,0,"740774,116200000050000","5694640,044199999400000",12.457999538000024,51.35193356900004,0,2,2,2,Ost
225824,14200423148410458450,14,7,13,000,2020,04,22,5,3,0,7,2,0,0,0,1,0,0,"735170,634999999780000","5693509,439999999500000",12.376927328000022,51.344130962000065,0,0,0,0,Mitte
225826,14200421148310370370,14,7,13,000,2020,04,07,3,3,5,3,0,1,1,0,0,0,0,"730764,133600000290000","5689514,666899999600000",12.31118045900007,51.31007569500008,0,5,5,5,Südwest
225827,14200409148410362450,14,7,13,000,2020,04,14,5,3,1,5,0,1,1,0,0,0,0,"734511,691499999720000","5692897,495999999300000",12.367079851000028,51.33891006300007,0,0,0,0,Mitte
225829,14200419144200377860,14,7,13,000,2020,04,07,1,2,9,1,0,0,1,0,0,0,0,"734628,771999999880000","5693787,625000000000000",12.369344236000074,51.34685193400003,0,0,0,0,Mitte
225831,14200415144200361290,14,7,13,000,2020,04,11,4,3,0,1,0,1,0,0,0,0,0,"730797,723399999550000","5694350,040200000600000",12.314793490000056,51.35346894300005,0,7,7,7,Alt-West
225832,14200416143263390740,14,7,13,000,2020,04,14,5,3,2,2,0,1,1,0,0,0,0,"736478,610399999660000","5693010,820699999100000",12.395342768000035,51.33911276300006,0,3,3,3,Südost
225835,14200415144200361270,14,7,13,000,2020,04,13,4,3,2,6,0,0,1,0,1,1,0,"735095,925300000240000","5694528,346999999100000",12.376529427000037,51.35330791300004,0,0,0,0,Mitte
225837,14200421144200373100,14,7,13,000,2020,04,16,3,3,5,3,0,1,1,0,0,0,0,"730934,562099999750000","5697880,968699999200000",12.319048590000023,51.38510994600006,0,8,8,8,Nordwest
225838,14200409148310347250,14,7,13,000,2020,04,18,5,3,5,3,0,0,1,0,0,0,0,"731927,293700000270000","5688702,487299999200000",12.327312386000074,51.302312165000046,0,5,5,5,Südwest
225839,14200414148310359880,14,7,13,000,2020,04,12,3,3,2,6,0,0,1,0,0,0,0,"731777,833100000400000","5692345,127399999600000",12.327539658000035,51.33507243000008,0,7,7,7,Alt-West
225845,14200422148410393790,14,7,13,000,2020,04,13,4,3,6,4,0,0,1,1,0,0,0,"733906,456000000240000","5693240,142999999200000",12.358631066000044,51.34223511000005,0,0,0,0,Mitte
225846,14200409148110348720,14,7,13,000,2020,04,16,5,3,7,1,0,0,1,0,0,0,0,"740256,503499999640000","5698167,160900000500000",12.45296312000005,51.38381058400006,0,1,1,1,Nordost
225848,14200409148110346460,14,7,13,000,2020,04,11,5,3,5,3,0,1,0,0,0,0,1,"734537,083300000060000","5695592,152699999500000",12.369219318000034,51.36308792900007,0,9,9,9,Nord
225853,14200415144200358250,14,7,13,000,2020,04,14,4,3,5,3,0,1,1,0,0,0,0,"740595,118999999950000","5700203,030200000900000",12.459199597000065,51.40194014100007,0,1,1,1,Nordost
225854,14200409144200348341,14,7,13,000,2020,04,16,5,1,9,1,0,0,1,0,0,0,0,"728035,196100000290000","5689293,402200000400000",12.271951092000052,51.309189092000054,0,6,6,6,West
225855,14200427148410388060,14,7,13,000,2020,04,13,2,3,5,3,0,1,1,0,0,0,0,"736438,970300000160000","5691190,563899999500000",12.39356695600003,51.322790258000055,0,0,0,0,Mitte
225861,14200420144200365010,14,7,13,000,2020,04,16,2,3,5,3,0,0,1,0,1,0,0,"731179,616200000050000","5693562,391100000600000",12.319756939000058,51.346243128000026,0,7,7,7,Alt-West
225878,14200423148110377890,14,7,13,000,2020,04,09,5,3,4,2,0,1,1,0,0,0,0,"735431,418300000020000","5695944,773600000900000",12.382276223000076,51.365883273000065,0,9,9,9,Nord
225879,14200415144200358230,14,7,13,000,2020,04,14,4,3,5,3,0,1,1,0,0,0,0,"735087,409799999560000","5698327,541899999600000",12.378919396000072,51.38741411700005,0,9,9,9,Nord
225880,14200421144200515970,14,7,13,000,2020,04,16,3,2,5,3,0,1,0,0,0,0,1,"730042,403699999680000","5689913,071499999600000",12.301099918000034,51.31394433200006,0,6,6,6,West
225887,14200419662212397890,14,7,13,000,2020,04,19,1,3,7,7,1,0,0,1,0,0,1,"736238,920099999760000","5689673,224600000300000",12.389696032000074,51.30925332100003,0,4,4,4,Süd
225889,14200416144200361280,14,7,13,000,2020,04,17,5,3,2,6,0,0,1,0,0,0,0,"735253,510900000110000","5688916,136800000400000",12.375084088000051,51.302865471000075,0,4,4,4,Süd
225903,14200408148410348380,14,7,13,000,2020,04,17,4,3,3,6,0,1,0,0,0,1,0,"733894,343299999830000","5695020,949599999900000",12.359627613000043,51.35822549400007,0,9,9,9,Nord
225905,14200408148410345180,14,7,13,000,2020,04,18,4,3,3,2,0,1,0,0,0,0,0,"736744,301199999640000","5692257,362199999400000",12.398649638000052,51.332239059000074,0,3,3,3,Südost
225906,14200427148110408100,14,7,13,000,2020,04,13,2,3,2,6,0,0,1,0,0,0,0,"735583,116100000220000","5695939,923000000400000",12.384448262000035,51.36577684900004,0,9,9,9,Nord
225913,14200408144200345140,14,7,13,000,2020,04,08,4,2,5,3,0,0,1,0,0,0,0,"736127,652300000190000","5688343,214400000900000",12.387222593000047,51.297360911000055,0,4,4,4,Süd
225928,14200426148410431340,14,7,13,000,2020,04,13,1,3,5,3,0,1,0,0,1,0,0,"739347,362099999560000","5688952,732699999600000",12.433729180000057,51.30148787300004,0,3,3,3,Südost
225930,14200429148121393560,14,7,13,000,2020,04,15,4,3,2,6,0,0,1,0,0,0,0,"733536,199199999680000","5694195,955199999700000",12.353951349000056,51.35096720000007,1,0,0,0,Mitte
225932,14200421144200375790,14,7,13,000,2020,04,11,3,2,3,6,0,0,1,0,0,0,1,"733011,275899999770000","5690595,451199999100000",12.344071565000036,51.318862179000064,0,5,5,5,Südwest
225935,14200421148410370400,14,7,13,000,2020,04,15,3,3,5,3,0,1,1,0,0,0,0,"734826,251500000250000","5694105,436899999200000",12.372384471000032,51.34962319700003,0,0,0,0,Mitte
225938,14200419148223425070,14,7,13,000,2020,04,17,1,3,0,1,0,1,0,0,0,0,0,"737863,035500000230000","5695039,305199999400000",12.41653773400003,51.35674299400006,0,1,1,1,Nordost
225947,14200418144200363670,14,7,13,000,2020,04,18,7,3,2,6,0,0,1,0,0,0,0,"729985,570299999790000","5694276,967800000700000",12.303102706000061,51.35314218800005,0,7,7,7,Alt-West
225957,14200516144200606850,14,7,13,000,2020,05,12,7,3,3,2,0,0,1,0,1,0,0,"740341,002199999990000","5693902,287100000300000",12.451293202000045,51.34549502900006,0,2,2,2,Ost
225959,14200516144200474810,14,7,13,000,2020,05,22,7,3,3,6,2,1,1,0,0,0,0,"734876,742100000380000","5690896,904699999800000",12.370992913000066,51.320801276000054,0,4,4,4,Süd
225960,14200516144200429760,14,7,13,000,2020,05,09,7,2,5,1,0,1,0,0,0,0,1,"735966,627399999650000","5688507,018999999400000",12.385025301000042,51.298898017000056,0,4,4,4,Süd
225962,14200516144200428490,14,7,13,000,2020,05,14,7,2,5,3,0,1,0,0,0,0,1,"740232,026200000200000","5693904,570299999800000",12.449732895000068,51.34556157900005,0,2,2,2,Ost
225963,14200516143230446520,14,7,13,000,2020,05,23,7,2,6,4,2,1,0,1,0,0,0,"738819,989000000060000","5691898,164000000800000",12.428150033000065,51.32814724100007,0,2,2,2,Ost
225972,14200515148410433200,14,7,13,000,2020,05,14,6,3,6,4,0,0,1,1,0,0,0,"735775,695500000380000","5693091,283600000700000",12.385322572000064,51.34012689300005,0,0,0,0,Mitte
225973,14200515148310439580,14,7,13,000,2020,05,13,6,3,1,5,0,1,1,0,0,0,0,"732130,887000000100000","5690904,010199999400000",12.331660476000025,51.32199185600007,0,5,5,5,Südwest
225974,14200505148210468850,14,7,13,000,2020,05,16,3,3,6,4,0,1,0,1,0,0,0,"735156,877299999820000","5689156,980699999300000",12.373858993000056,51.30506730600007,0,4,4,4,Süd
225976,14200515144200441990,14,7,13,000,2020,05,09,6,3,4,6,0,0,1,0,0,0,0,"736192,615100000050000","5699764,917099999300000",12.395730797000056,51.39985737900008,0,9,9,9,Nord
225978,14200515144200426970,14,7,13,000,2020,05,15,6,3,2,2,0,0,1,0,0,0,0,"735976,132399999540000","5692880,599400000600000",12.388055511000061,51.33815259800008,0,0,0,0,Mitte
226003,14200514148110444630,14,7,13,000,2020,05,15,5,3,6,7,0,0,1,1,0,0,0,"735225,504999999890000","5695524,308299999700000",12.379045464000058,51.36219435000004,0,9,9,9,Nord
226005,14200514144200446560,14,7,13,000,2020,05,11,5,3,5,3,0,1,1,0,0,0,0,"738858,986999999730000","5697628,774000000200000",12.432554938000067,51.37956780900004,0,1,1,1,Nordost
226013,14200519144200474800,14,7,13,000,2020,05,13,3,2,6,4,0,1,0,1,0,0,0,"737739,473199999890000","5692783,424499999700000",12.413259982000056,51.33654593400007,0,2,2,2,Ost
226016,14200504148310413590,14,7,13,000,2020,05,07,2,3,5,3,0,0,1,0,0,0,0,"730770,832299999890000","5693544,086400000400000",12.313885458000073,51.34624489000004,0,7,7,7,Alt-West
226018,14200504148310400190,14,7,13,000,2020,05,09,2,3,5,3,0,1,0,0,0,0,1,"731485,603099999950000","5688733,916500000300000",12.321007551000037,51.30277404000003,0,5,5,5,Südwest
226023,14200513148410431310,14,7,13,000,2020,05,16,4,3,5,3,0,1,1,0,0,0,0,"735995,385999999940000","5693356,935000000500000",12.388647052000067,51.34242031000008,0,0,0,0,Mitte
226026,14200513144200424930,14,7,13,000,2020,05,13,4,3,1,3,0,1,1,0,0,0,0,"736698,394899999720000","5686976,228900000500000",12.394488516000024,51.28485357900007,0,4,4,4,Süd
226027,14200504148224404750,14,7,13,000,2020,05,15,2,3,0,3,0,1,0,0,0,0,1,"736127,622700000180000","5688343,292500000400000",12.387222221000059,51.297361624000075,1,4,4,4,Süd
226028,14200513144200422260,14,7,13,000,2020,05,15,4,2,6,4,0,0,1,1,0,0,0,"735254,306800000370000","5695861,318600000800000",12.379681338000069,51.36520752600006,0,9,9,9,Nord
226029,14200504144200400010,14,7,13,000,2020,05,15,2,2,4,3,0,0,1,0,1,0,0,"734016,145600000400000","5700445,816900000000000",12.364947045000065,51.40687116500004,1,9,9,9,Nord
226048,14200512148110448610,14,7,13,000,2020,05,16,3,3,0,1,0,1,0,0,0,0,0,"733723,921500000170000","5695687,355100000300000",12.35762205900005,51.36427759600008,0,9,9,9,Nord
226052,14200512144200424960,14,7,13,000,2020,05,01,3,3,9,1,2,0,1,0,0,0,0,"735687,662800000050000","5694974,411699999100000",12.385307693000073,51.35706683400008,1,9,9,9,Nord
226067,14200511148210428590,14,7,13,000,2020,05,16,2,3,2,6,0,0,1,0,1,0,0,"735182,747499999590000","5690899,845400000000000",12.375378522000062,51.32070128300006,1,4,4,4,Süd
226079,14200517148223439560,14,7,13,000,2020,05,02,1,3,1,1,2,1,1,0,0,0,0,"737973,650200000030000","5691044,348500000300000",12.41545448100004,51.32083805000008,0,3,3,3,Südost
226080,14200510148110422380,14,7,13,000,2020,05,12,1,3,5,3,0,1,0,0,0,0,0,"738863,345499999820000","5698837,460899999400000",12.43343014800007,51.39041485100006,0,1,1,1,Nordost
226085,14200502148110402330,14,7,13,000,2020,05,20,7,3,3,2,1,1,1,0,0,0,0,"735470,690600000320000","5697583,701500000400000",12.383924973000035,51.38057839900006,1,9,9,9,Nord
226091,14200502144200407920,14,7,13,000,2020,05,16,7,3,8,1,0,0,1,0,0,0,0,"730971,827499999660000","5689015,189799999800000",12.31383194800003,51.305507669000065,0,5,5,5,Südwest
226092,14200517144200439510,14,7,13,000,2020,05,19,1,2,5,3,0,1,1,0,0,0,0,"731876,283699999560000","5692904,436499999800000",12.329314595000028,51.340053099000045,0,7,7,7,Alt-West
226095,14200518148410498500,14,7,13,000,2020,05,09,2,3,6,6,0,0,1,1,0,0,0,"737094,883299999870000","5693662,196300000000000",12.404608078000024,51.344702959000074,0,2,2,2,Ost
226098,14200518148410442080,14,7,13,000,2020,05,17,2,3,5,3,0,1,0,0,0,1,0,"733434,800200000410000","5693388,791400000500000",12.35196852300004,51.34376329600008,0,0,0,0,Mitte
226101,14200502144200397310,14,7,13,000,2020,05,11,7,3,5,3,0,0,1,0,0,0,0,"731768,039200000460000","5693165,708900000900000",12.327933252000037,51.342442617000074,1,7,7,7,Alt-West
226103,14200509148410413630,14,7,13,000,2020,05,18,7,3,2,6,0,0,1,0,1,0,0,"734662,078400000000000","5693223,309299999800000",12.369449743000075,51.34177266100005,0,0,0,0,Mitte
226116,14200518148410431300,14,7,13,000,2020,05,08,2,3,3,2,0,1,1,0,0,0,0,"735536,575000000190000","5692913,556900000200000",12.381778120000035,51.338630660000035,0,0,0,0,Mitte
226120,14200519144200488750,14,7,13,000,2020,05,15,3,3,2,6,0,0,1,0,0,0,0,"735107,158300000240000","5694005,796399999400000",12.37634530300005,51.34861267900004,0,0,0,0,Mitte
226126,14200508148410410480,14,7,13,000,2020,05,13,6,3,6,4,0,0,1,1,0,0,0,"733906,456000000240000","5693240,142999999200000",12.358631066000044,51.34223511000005,0,0,0,0,Mitte
226127,14200508148310442050,14,7,13,000,2020,05,11,6,3,5,3,0,1,1,0,0,0,0,"731548,436300000180000","5692893,684800000900000",12.324608837000028,51.340090177000036,0,7,7,7,Alt-West
226129,14200508144200415500,14,7,13,000,2020,05,17,6,3,1,5,0,1,1,0,0,0,0,"731374,467799999750000","5694561,982799999400000",12.323199741000053,51.35513702000003,0,7,7,7,Alt-West
226131,14200501144200488770,14,7,13,000,2020,05,07,6,2,8,1,0,0,0,0,1,0,0,"730371,587899999690000","5688690,464400000900000",12.305025895000028,51.30283578500007,0,5,5,5,Südwest
226140,14200518144200486010,14,7,13,000,2020,05,12,2,3,2,6,0,0,0,0,1,1,0,"739641,333999999800000","5692334,341000000000000",12.440210586000035,51.331716877000076,0,2,2,2,Ost
226157,14200507148110408130,14,7,13,000,2020,05,17,5,3,4,2,0,1,1,0,0,0,0,"738665,957999999630000","5697622,176000000900000",12.429781898000044,51.37958974900005,0,1,1,1,Nordost
226158,14200507144320509570,14,7,13,000,2020,05,15,5,3,2,6,0,0,1,0,0,0,0,"734373,875300000420000","5691601,067399999100000",12.364251996000064,51.32732952900005,0,0,0,0,Mitte
226161,14200507144200448580,14,7,13,000,2020,05,14,5,2,4,2,0,0,1,0,0,0,0,"733226,226400000040000","5693907,945100000100000",12.34931911600006,51.34850912200005,0,0,0,0,Mitte
226163,14200507144200410240,14,7,13,000,2020,05,10,5,3,2,2,0,0,1,0,0,0,1,"732612,056300000290000","5692303,127599999300000",12.339467037000077,51.33435483000005,0,7,7,7,Alt-West
226165,14200507144200410210,14,7,13,000,2020,05,17,5,3,5,3,0,1,1,0,0,0,0,"731955,762600000020000","5692659,834200000400000",12.330294405000075,51.33782494400003,0,7,7,7,Alt-West
226177,14200430144200393460,14,7,13,000,2020,04,14,5,3,5,3,0,1,1,0,0,0,0,"737930,075699999930000","5698195,525699999200000",12.419611005000036,51.385044883000035,0,1,1,1,Nordost
226185,14200430143263424900,14,7,13,000,2020,04,07,5,3,3,6,0,1,1,0,0,0,0,"733167,351300000210000","5691719,642200000600000",12.347042674000022,51.328889719000074,0,5,5,5,Südwest
226190,14200506144200407960,14,7,13,000,2020,05,08,4,3,5,3,0,1,1,0,0,0,0,"731811,276700000280000","5689249,568299999500000",12.326006328000062,51.30727048300008,0,5,5,5,Südwest
226196,14200518144200450220,14,7,13,000,2020,05,20,2,3,6,2,0,0,1,1,0,0,0,"732329,248300000090000","5696220,790699999800000",12.33797164400005,51.36963809800005,0,8,8,8,Nordwest
226199,14200518144200433110,14,7,13,000,2020,05,11,2,3,5,3,0,0,1,0,1,0,0,"728858,414800000380000","5694327,352700000600000",12.286975331000065,51.35404948100006,0,7,7,7,Alt-West
226204,14200522148220448620,14,7,13,000,2020,05,01,6,3,1,1,2,1,1,0,0,0,0,"737493,000900000330000","5693292,800599999700000",12.410067705000074,51.34122109300006,0,2,2,2,Ost
226216,14200529144200468700,14,7,13,000,2020,05,15,6,3,3,5,0,1,1,0,0,0,0,"729219,311900000090000","5694644,520999999700000",12.292353835000029,51.35675129400005,0,7,7,7,Alt-West
226222,14200527148310450260,14,7,13,000,2020,05,15,4,2,0,1,0,1,0,0,0,0,0,"730512,630300000310000","5691837,869500000000000",12.309080097000049,51.331032995000044,0,6,6,6,West
226223,14200524145200468770,14,7,13,000,2020,05,20,1,3,0,1,1,1,0,0,0,0,0,"737202,552400000390000","5693389,416099999100000",12.405969537000033,51.34220955600006,1,2,2,2,Ost
226237,14200521148320486390,14,7,13,000,2020,05,20,5,3,0,1,1,1,0,0,0,0,0,"731357,061900000090000","5685656,045399999200000",12.31717326300003,51.275196349000055,0,5,5,5,Südwest
226242,14200526144200531210,14,7,13,000,2020,05,08,3,2,0,1,0,1,0,0,0,0,1,"732700,325699999930000","5692698,592700000900000",12.340990275000024,51.33786868700008,0,7,7,7,Alt-West
226246,14200530148310498430,14,7,13,000,2020,05,16,7,3,5,3,0,0,0,0,0,0,1,"728550,065700000150000","5689536,002900000700000",12.279481111000052,51.31116050500003,0,6,6,6,West
226251,14200528144200483240,14,7,13,000,2020,05,07,5,2,2,6,0,0,1,0,1,0,0,"738766,468000000340000","5690001,191800000100000",12.426113051000073,51.31114265000008,1,3,3,3,Südost
226252,14200604144200506670,14,7,13,000,2020,06,09,5,1,0,1,0,1,0,0,0,0,0,"729252,058400000450000","5694932,333000000600000",12.293008801000042,51.359321797000064,0,7,7,7,Alt-West
226254,14200522144200446510,14,7,13,000,2020,05,16,6,3,4,2,0,0,1,0,0,0,0,"741209,029799999670000","5696064,053500000400000",12.465198899000029,51.36453036700004,0,2,2,2,Ost
226259,14200605144200477850,14,7,13,000,2020,06,12,6,3,6,4,0,0,1,1,0,0,0,"730360,392300000410000","5693608,764399999800000",12.308043916000031,51.34699196200006,0,7,7,7,Alt-West
226267,14200602148410468960,14,7,13,000,2020,06,08,3,3,5,2,0,1,0,0,0,0,0,"735162,335300000380000","5693388,687400000200000",12.376728626000045,51.343050479000055,0,0,0,0,Mitte
226269,14200602148221559280,14,7,13,000,2020,06,18,3,2,1,1,0,1,1,0,0,0,0,"735405,925400000070000","5691400,487500000700000",12.378906201000063,51.32510294100007,0,0,0,0,Mitte
226270,14200529148110459980,14,7,13,000,2020,05,06,6,2,4,2,0,1,1,0,0,0,0,"735177,688599999990000","5695995,996799999800000",12.37867175200006,51.366448157000036,0,9,9,9,Nord
226275,14200602148110475000,14,7,13,000,2020,06,05,3,3,4,2,0,1,1,0,0,0,0,"733801,129999999890000","5695795,719000000500000",12.358800407000047,51.36521855500007,0,9,9,9,Nord
226277,14200602144200483260,14,7,13,000,2020,06,16,3,3,5,3,0,1,1,0,0,0,0,"738858,577600000430000","5694329,264399999800000",12.430333166000025,51.34995224800008,0,2,2,2,Ost
226286,14200602144200468720,14,7,13,000,2020,06,18,3,2,6,4,0,0,0,1,0,0,1,"735934,455400000330000","5691796,015399999900000",12.386740071000077,51.32843438100008,0,0,0,0,Mitte
226287,14200521148310440701,14,7,13,000,2020,05,19,5,3,5,3,0,1,1,0,0,0,0,"732305,038900000040000","5690615,428899999700000",12.333967435000034,51.31933025400008,0,5,5,5,Südwest
226288,14200602144200466030,14,7,13,000,2020,06,08,3,2,6,2,0,0,1,1,0,0,0,"735389,658300000240000","5691307,666899999600000",12.378611855000031,51.32427648100003,0,4,4,4,Süd
226292,14200522148223495830,14,7,13,000,2020,05,01,6,3,1,6,2,1,1,0,0,0,0,"737502,030199999920000","5693283,429300000900000",12.410190857000032,51.34113320500006,0,2,2,2,Ost
226298,14200603148310483480,14,7,13,000,2020,06,09,4,3,5,3,0,1,1,0,0,0,0,"732136,283599999730000","5692763,641300000300000",12.332949172000042,51.33868313500005,0,7,7,7,Alt-West
226307,14200603148310481360,14,7,13,000,2020,06,22,4,3,4,1,2,1,0,0,1,0,0,"731038,558600000110000","5689313,936100000500000",12.314981068000066,51.30816242800006,0,5,5,5,Südwest
226312,14200527148310458310,14,7,13,000,2020,05,07,4,3,1,5,0,1,1,0,0,0,0,"732973,965400000100000","5690697,652699999500000",12.343603854000037,51.31979488600007,0,5,5,5,Südwest
226314,14200605144200565970,14,7,13,000,2020,06,08,6,3,2,2,0,0,1,0,0,0,0,"735094,261800000440000","5696945,937899999300000",12.378103577000047,51.37500963400004,0,9,9,9,Nord
226322,14200529144200483230,14,7,13,000,2020,05,11,6,3,5,3,0,1,1,0,0,0,0,"731976,010700000450000","5693977,440700000200000",12.331442959000071,51.34964452400004,0,7,7,7,Alt-West
226341,14200603148310478120,14,7,13,000,2020,06,19,4,3,5,3,0,1,1,0,0,0,0,"727524,782999999820000","5694507,699999999300000",12.26796993000005,51.35620397500003,1,7,7,7,Alt-West
226342,14200521144200448550,14,7,13,000,2020,05,10,5,2,5,3,0,1,1,0,0,0,0,"737263,911399999630000","5694405,360700000100000",12.40752595300006,51.35130312900003,0,1,1,1,Nordost
226345,14200604144200531200,14,7,13,000,2020,06,17,5,3,5,2,0,1,1,0,0,0,0,"738346,067999999970000","5692367,186200000300000",12.421673843000065,51.33255591200003,0,2,2,2,Ost
226348,14200520148410462960,14,7,13,000,2020,05,08,4,3,2,6,0,1,0,0,0,0,0,"735099,177199999800000","5694170,660900000500000",12.376339784000038,51.35009585900008,0,0,0,0,Mitte
226350,14200526148110468790,14,7,13,000,2020,05,15,3,3,5,3,0,1,1,0,0,0,0,"734290,849600000310000","5695621,907400000800000",12.365708229000063,51.363456608000035,0,9,9,9,Nord
226351,14200522662212463330,14,7,13,000,2020,05,14,6,3,5,3,0,1,1,0,0,0,0,"735114,747999999670000","5688745,067099999600000",12.37298433500007,51.30138718900008,0,4,4,4,Süd
226353,14200603144200477830,14,7,13,000,2020,06,12,4,3,2,6,0,0,1,0,1,0,0,"740886,713999999690000","5696375,853000000100000",12.460788791000027,51.36746567600005,0,2,2,2,Ost
226354,14200530148410475190,14,7,13,000,2020,05,17,7,3,5,3,0,1,1,0,0,0,0,"735145,489799999630000","5695026,366900000700000",12.377569055000038,51.357757795000055,0,0,0,0,Mitte
226362,14200522148110458090,14,7,13,000,2020,05,07,6,3,5,3,0,1,1,0,0,0,0,"736385,968600000250000","5695699,611700000200000",12.39580081400004,51.36328630200006,0,9,9,9,Nord
226364,14200603144200477810,14,7,13,000,2020,06,14,4,3,4,1,0,0,1,0,0,0,1,"740624,378999999720000","5686952,665999999300000",12.45066646600003,51.282997640000076,0,3,3,3,Südost
226366,14200520148410443330,14,7,13,000,2020,05,11,4,3,5,3,0,0,1,0,0,0,0,"737486,819299999620000","5691549,606799999300000",12.408817226000053,51.32557667400005,0,3,3,3,Südost
226367,14200605144200488740,14,7,13,000,2020,06,05,6,2,5,3,1,1,1,0,0,0,0,"737298,011400000190000","5695375,488500000900000",12.408661689000041,51.35999679000008,1,1,1,1,Nordost
226374,14200529144200466000,14,7,13,000,2020,05,18,6,3,4,2,0,0,1,0,1,0,0,"733226,542200000030000","5693908,073899999300000",12.349323727000069,51.34851014900005,0,0,0,0,Mitte