OBJECTID,UIDENTSTLAE,ULAND,UREGBEZ,UKREIS,UGEMEINDE,UJAHR,UMONAT,USTUNDE,UWOCHENTAG,UKATEGORIE,UART,UTYP1,ULICHTVERH,IstRad,IstPKW,IstFuss,IstKrad,IstGkfz,IstSonstige,LINREFX,LINREFY,XGCSWGS84,YGCSWGS84,STRZUSTAND,index_right,FID,SBZ,Name
226375,14200520148210443310,14,7,13,000,2020,05,18,4,3,3,2,0,0,1,0,1,0,0,"737297,645299999970000","5695373,015900000900000",12.40865479100006,51.35997474800007,0,1,1,1,Nordost
226379,14200601144200535790,14,7,13,000,2020,06,09,2,3,5,3,0,0,1,0,0,0,0,"732712,345700000410000","5691936,957200000100000",12.340665052000077,51.33102680600007,0,5,5,5,Südwest
226380,14200529148110461630,14,7,13,000,2020,05,17,6,3,0,1,0,1,0,0,0,0,0,"735699,968100000170000","5695702,340900000200000",12.385966394000036,51.36359579300006,0,9,9,9,Nord
226381,14200520144200477790,14,7,13,000,2020,05,14,4,3,3,6,0,1,0,0,0,0,1,"734727,126000000160000","5690905,796900000400000",12.368855435000057,51.32094283300006,0,4,4,4,Süd
226384,14200524144200450230,14,7,13,000,2020,05,11,1,3,5,3,0,1,1,0,0,0,0,"733904,358000000010000","5690817,573799999400000",12.357010808000041,51.32048969600004,0,4,4,4,Süd
226396,14200521148320446590,14,7,13,000,2020,05,15,5,3,6,7,0,1,0,1,0,0,0,"730388,135999999940000","5691735,062999999200000",12.307229673000052,51.330160539000076,0,6,6,6,West
226403,14200522148410446600,14,7,13,000,2020,05,17,6,2,4,1,0,0,0,0,1,0,1,"736413,550599999730000","5693787,917500000400000",12.394926296000051,51.346115173000044,1,2,2,2,Ost
226405,14200603143263584641,14,7,13,000,2020,06,00,4,2,0,7,2,0,0,0,1,0,0,"738058,453099999580000","5694731,517100000800000",12.419133342000066,51.35389848600005,0,1,1,1,Nordost
226406,14200530148110461660,14,7,13,000,2020,05,12,7,3,0,1,0,1,0,0,0,0,0,"734564,002299999820000","5694882,388599999200000",12.369137329000068,51.35670570100007,0,9,9,9,Nord
226408,14200605144200577231,14,7,13,000,2020,06,16,6,2,6,4,0,0,1,1,0,0,0,"734623,848199999890000","5696307,425699999600000",12.370935313000075,51.36947265600003,0,9,9,9,Nord
226410,14200603143263546840,14,7,13,000,2020,06,18,4,3,0,3,0,1,1,0,0,0,0,"732553,470499999820000","5691501,418199999300000",12.338104298000076,51.32718207100004,1,5,5,5,Südwest
226414,14200604144200477820,14,7,13,000,2020,06,17,5,3,1,7,0,1,1,0,0,0,0,"731775,040000000040000","5695834,675000000700000",12.32977188700005,51.36639844300004,0,8,8,8,Nordwest
226416,14200522144200442010,14,7,13,000,2020,05,15,6,3,1,5,0,1,1,0,0,0,0,"732473,629700000400000","5691784,613299999400000",12.337145063000037,51.32975686900005,0,5,5,5,Südwest
226422,14200527148410450270,14,7,13,000,2020,05,14,4,3,3,2,0,1,1,0,0,0,0,"735012,771800000220000","5692062,947499999800000",12.373710389000053,51.331211979000045,0,0,0,0,Mitte
226430,14200529144200511930,14,7,13,000,2020,05,10,6,3,5,2,0,1,1,0,0,0,0,"731836,099000000390000","5692529,241000000400000",12.328494460000059,51.33670143200004,0,7,7,7,Alt-West
226441,14200531148410462990,14,7,13,000,2020,05,10,1,3,1,7,0,0,1,0,0,0,0,"735643,208100000400000","5692422,015699999400000",12.38298112700005,51.33417426700004,0,0,0,0,Mitte
226442,14200529144100474770,14,7,13,000,2020,05,17,6,3,8,1,0,0,0,0,1,0,0,"742281,469499999660000","5694052,173900000800000",12.479205338000043,51.34601673100008,0,2,2,2,Ost
226462,14200603662211499260,14,7,13,000,2020,06,19,4,3,0,7,0,1,0,1,0,0,0,"728008,722699999810000","5697308,723999999500000",12.276704789000064,51.381155437000075,1,8,8,8,Nordwest
226466,14200529148210460040,14,7,13,000,2020,05,07,6,3,3,2,0,1,1,0,0,0,0,"738283,863800000400000","5693610,674300000100000",12.42161438100004,51.34374344400004,0,2,2,2,Ost
226480,14200609148110486150,14,7,13,000,2020,06,14,3,3,5,3,0,1,0,0,0,0,0,"739912,843899999750000","5698895,287599999500000",12.44852545200007,51.39049128100004,0,1,1,1,Nordost
226487,14200609148110486120,14,7,13,000,2020,06,20,3,3,7,7,1,0,0,0,1,0,0,"729430,432900000360000","5700941,077899999900000",12.299447473000043,51.41319031200004,0,8,8,8,Nordwest
226488,14200617148410566200,14,7,13,000,2020,06,10,4,3,5,2,0,1,1,0,0,0,0,"735011,296699999830000","5691985,176000000900000",12.373637963000022,51.33051448100008,0,0,0,0,Mitte
226490,14200609144200590610,14,7,13,000,2020,06,15,3,3,9,6,0,1,0,0,0,0,1,"732162,499400000090000","5699214,269500000400000",12.337536387000057,51.39657768600006,0,8,8,8,Nordwest
226494,14200612144200511910,14,7,13,000,2020,06,11,6,3,2,6,0,0,1,0,0,0,0,"729976,070199999960000","5694286,444900000500000",12.302972631000046,51.353231108000045,0,7,7,7,Alt-West
226502,14200617148210531470,14,7,13,000,2020,06,11,4,3,5,3,0,1,1,0,0,0,0,"736708,893500000240000","5689733,719699999300000",12.396466919000034,51.30960111200005,0,4,4,4,Süd
226503,14200611148310504530,14,7,13,000,2020,06,11,5,3,5,3,0,0,1,0,0,0,0,"731598,544800000270000","5688930,279999999300000",12.322752367000021,51.30449084800006,0,5,5,5,Südwest
226506,14200619148210544440,14,7,13,000,2020,06,11,6,3,6,2,0,0,1,1,0,0,0,"735183,437900000250000","5688963,848099999100000",12.37411208900005,51.30332269500008,1,4,4,4,Süd
226510,14200610148310506930,14,7,13,000,2020,06,13,4,3,1,5,0,1,1,0,0,0,0,"732893,806300000290000","5691679,872400000700000",12.343097214000068,51.328644774000054,0,5,5,5,Südwest
226512,14200621148310555320,14,7,13,000,2020,06,16,1,3,5,3,0,0,1,0,0,0,0,"732713,185600000430000","5691939,209200000400000",12.340678558000036,51.331046678000064,0,5,5,5,Südwest
226513,14200615144320546980,14,7,13,000,2020,06,09,2,3,5,3,0,0,1,0,0,0,0,"737406,567800000310000","5693751,168299999100000",12.409134591000054,51.34537151400008,0,2,2,2,Ost
226521,14200610144200495740,14,7,13,000,2020,06,11,4,3,5,2,0,0,1,0,0,0,1,"734815,126699999910000","5694110,021999999900000",12.372228027000062,51.34966895000008,0,0,0,0,Mitte
226532,14200608148321498480,14,7,13,000,2020,06,13,2,3,5,7,0,1,0,0,0,0,0,"732324,112399999980000","5690615,651000000500000",12.334240819000058,51.319324461000065,0,5,5,5,Südwest
226535,14200608148310498400,14,7,13,000,2020,06,15,2,3,5,3,0,1,1,0,0,0,0,"728894,924399999900000","5694685,578600000600000",12.287729204000073,51.35725062200004,0,7,7,7,Alt-West
226536,14200616144200553480,14,7,13,000,2020,06,17,3,2,5,3,0,0,1,0,0,0,0,"727586,194799999710000","5693244,966800000500000",12.268043072000069,51.344843429000036,0,7,7,7,Alt-West
226537,14200620148310555330,14,7,13,000,2020,06,11,7,3,5,3,0,1,0,0,1,0,0,"732776,378100000320000","5691353,494300000400000",12.341201503000036,51.32576304000003,0,5,5,5,Südwest
226540,14200608144200488840,14,7,13,000,2020,06,12,2,3,1,5,0,0,1,0,0,0,0,"739105,300300000240000","5687836,072599999600000",12.429515421000076,51.291566517000035,0,3,3,3,Südost
226541,14200617148410509960,14,7,13,000,2020,06,04,4,3,8,1,2,0,1,0,0,0,0,"735348,382000000220000","5692609,477199999600000",12.378880236000043,51.33597905600004,0,0,0,0,Mitte
226543,14200608144200485960,14,7,13,000,2020,06,06,2,3,2,2,0,0,1,0,0,0,0,"731597,768000000160000","5690701,429500000600000",12.32389113000005,51.32039056000008,0,5,5,5,Südwest
226546,14200614148210502140,14,7,13,000,2020,06,10,1,3,5,3,0,1,1,0,0,0,0,"738892,244800000450000","5691116,404999999300000",12.428661357000067,51.321099925000055,0,3,3,3,Südost
226550,14200612148310509910,14,7,13,000,2020,06,17,6,3,5,2,0,0,1,0,1,0,0,"730262,094200000170000","5692093,997500000500000",12.305655519000027,51.33343373300005,0,7,7,7,Alt-West
226552,14200617144200521170,14,7,13,000,2020,06,09,4,3,5,3,0,1,1,0,0,0,0,"736538,558600000110000","5690723,455299999600000",12.394683765000025,51.318556003000026,0,0,0,0,Mitte
226553,14200611144200502060,14,7,13,000,2020,06,16,5,3,5,2,0,0,1,0,1,0,0,"739659,345099999570000","5692425,635800000300000",12.440530049000074,51.332528729000046,0,2,2,2,Ost
226570,14200618144200517730,14,7,13,000,2020,06,16,5,3,5,3,0,0,1,0,0,0,1,"728919,076399999670000","5689647,219900000800000",12.28483810800003,51.312010642000075,0,6,6,6,West
226581,14200615144200504260,14,7,13,000,2020,06,15,2,3,6,4,0,1,0,1,0,0,0,"735074,004700000400000","5690338,757700000000000",12.373450871000045,51.315709663000064,0,4,4,4,Süd
226594,14200617148310509920,14,7,13,000,2020,06,14,4,3,1,7,0,0,1,0,1,0,0,"731815,043800000100000","5689506,899900000500000",12.326227466000034,51.30957897900004,0,5,5,5,Südwest
226604,14200612144200535780,14,7,13,000,2020,06,14,6,3,5,2,0,1,1,0,0,0,1,"737181,655100000090000","5693664,115000000200000",12.405853008000065,51.34468399000008,0,2,2,2,Ost
226607,14200617144200509590,14,7,13,000,2020,06,15,4,2,5,2,0,0,1,0,0,0,1,"736603,811099999580000","5690096,147600000700000",12.395202329000028,51.31289803000004,0,0,0,0,Mitte
226612,14200611148310516280,14,7,13,000,2020,06,16,5,3,0,1,0,1,0,0,0,0,0,"729361,339499999770000","5694877,935000000500000",12.294540674000075,51.358789364000074,0,7,7,7,Alt-West
226613,14200607148410481420,14,7,13,000,2020,06,16,1,3,5,2,0,1,1,0,0,0,0,"735011,394999999550000","5691985,168500000600000",12.373639366000077,51.33051437300003,0,0,0,0,Mitte
226615,14200619148210553750,14,7,13,000,2020,06,12,6,2,0,1,0,1,0,0,0,0,0,"736313,203999999910000","5687709,118000000700000",12.389459697000063,51.29159211100006,1,4,4,4,Süd
226616,14200614144320941990,14,7,13,000,2020,06,18,1,3,5,2,0,1,1,0,0,0,0,"735756,221199999560000","5692869,255000000800000",12.38489652000004,51.33814197800007,0,0,0,0,Mitte
226622,14200621148410539500,14,7,13,000,2020,06,16,1,3,5,3,0,1,1,0,0,0,0,"737962,679499999620000","5693734,371500000400000",12.417093843000032,51.34498826000004,0,2,2,2,Ost
226623,14200615148410517890,14,7,13,000,2020,06,10,2,3,5,2,0,1,1,0,0,0,0,"735341,929899999870000","5693434,493000000700000",12.379332908000038,51.34338733700008,0,0,0,0,Mitte
226627,14200613664120529450,14,7,13,000,2020,06,09,7,3,1,7,0,1,1,0,0,0,0,"733367,280100000090000","5692459,000800000500000",12.35039155100003,51.33544466600006,0,0,0,0,Mitte
226630,14200607144200495720,14,7,13,000,2020,06,19,1,2,5,2,0,1,1,0,0,0,0,"736678,711500000210000","5689794,012299999600000",12.396074659000021,51.31015486100006,0,4,4,4,Süd
226646,14200616148121512130,14,7,13,000,2020,06,08,3,3,1,6,0,1,1,0,0,0,0,"734137,363599999810000","5695536,934100000200000",12.36345147000003,51.36275712200006,0,9,9,9,Nord
226651,14200617148410509980,14,7,13,000,2020,06,15,4,3,5,3,0,1,1,0,0,0,0,"737164,760700000450000","5692699,476199999500000",12.404968526000062,51.336032362000026,0,3,3,3,Südost
226657,14200612144200506860,14,7,13,000,2020,06,18,6,3,3,6,0,1,1,0,0,0,0,"735085,259899999950000","5689915,645999999700000",12.373333237000054,51.31190698700004,0,4,4,4,Süd
226658,14200606148210517880,14,7,13,000,2020,06,18,7,3,5,3,0,1,1,0,0,0,0,"739008,699699999760000","5691196,951199999100000",12.430383535000033,51.32177399600005,0,3,3,3,Südost
226660,14200612148410519570,14,7,13,000,2020,06,20,6,3,3,7,1,1,1,0,0,0,0,"737099,087700000030000","5693761,657299999100000",12.404734567000048,51.34559397600003,0,2,2,2,Ost
226661,14200606144000479690,14,7,13,000,2020,06,06,7,3,2,2,0,0,1,0,0,0,0,"734550,807300000450000","5691377,012099999900000",12.366639577000058,51.32524538600006,0,4,4,4,Süd
226662,14200617148210509820,14,7,13,000,2020,06,07,4,3,5,3,0,1,1,0,0,0,0,"737784,148699999790000","5690646,033099999700000",12.412474289000045,51.317341972000065,0,3,3,3,Südost
226667,14200619148110531320,14,7,13,000,2020,06,21,6,2,5,2,1,0,1,0,1,0,0,"738965,553399999630000","5697662,802799999700000",12.43410629400006,51.37982840800004,0,1,1,1,Nordost
226679,14200613148110500480,14,7,13,000,2020,06,13,7,3,6,7,0,0,1,1,0,0,0,"731062,406399999750000","5691180,995400000400000",12.316532266000024,51.32491323000005,0,7,7,7,Alt-West
226680,14200618144200559180,14,7,13,000,2020,06,19,5,3,5,3,0,1,1,0,0,0,0,"735114,825100000020000","5688745,343800000800000",12.372985622000044,51.30138964100007,0,4,4,4,Süd
226684,14200616662211561100,14,7,13,000,2020,06,15,3,2,1,7,0,1,1,0,0,0,0,"738537,394899999720000","5693544,327099999400000",12.425203513000042,51.34304161000006,0,2,2,2,Ost
226689,14200615144200553470,14,7,13,000,2020,06,22,2,3,0,1,2,0,0,0,1,0,0,"737189,708399999890000","5695800,689400000500000",12.407392447000063,51.363858622000066,0,1,1,1,Nordost
226696,14200616144200506640,14,7,13,000,2020,06,14,3,3,5,2,0,1,1,0,0,0,0,"730536,364400000310000","5691507,728800000600000",12.309206631000052,51.32805970900006,0,7,7,7,Alt-West
226697,14200620148310547260,14,7,13,000,2020,06,08,7,3,2,2,0,0,1,0,0,0,0,"728403,872700000180000","5690407,160299999600000",12.277944939000065,51.31903981700003,0,6,6,6,West
226701,14200617148410509950,14,7,13,000,2020,06,15,4,2,5,2,0,1,0,0,0,0,0,"733704,947999999860000","5691920,254000000700000",12.354877075000047,51.33046992000004,0,0,0,0,Mitte
226702,14200611148310523570,14,7,13,000,2020,06,06,5,3,3,6,0,1,1,0,0,0,0,"730797,702399999830000","5693835,069800000600000",12.314459265000039,51.348846114000025,0,7,7,7,Alt-West
226707,14200605148310478160,14,7,13,000,2020,06,14,6,3,5,3,0,0,1,0,0,0,0,"729935,873300000090000","5693201,284800000500000",12.301695427000027,51.34350587000006,0,7,7,7,Alt-West
226712,14200605148210478050,14,7,13,000,2020,06,13,6,3,4,1,0,0,1,0,0,0,0,"740611,774600000120000","5688810,017799999600000",12.45173728900005,51.29967404400003,0,3,3,3,Südost
226713,14200617144200511970,14,7,13,000,2020,06,11,4,3,6,4,0,0,1,1,0,0,0,"731745,252199999990000","5692700,243499999900000",12.327303775000075,51.338273515000026,0,7,7,7,Alt-West
226714,14200611144200495660,14,7,13,000,2020,06,13,5,3,8,7,0,0,1,0,0,0,0,"735604,444000000130000","5695939,980200000100000",12.384754128000054,51.36576851800004,0,9,9,9,Nord
226715,14200605148110500450,14,7,13,000,2020,06,15,6,3,6,6,0,0,1,1,0,0,0,"736013,311200000350000","5695512,048100000200000",12.390333030000022,51.361757616000034,0,9,9,9,Nord
226719,14200619148410537460,14,7,13,000,2020,06,11,6,3,5,2,0,1,1,0,0,0,0,"737033,042999999600000","5692986,958399999900000",12.403272333000075,51.33866774400008,1,2,2,2,Ost
226720,14200614148110502130,14,7,13,000,2020,06,20,1,3,0,1,0,1,1,0,0,0,0,"734259,046600000000000","5695375,476099999600000",12.365089915000055,51.361257651000074,1,9,9,9,Nord
226722,14200605148110488910,14,7,13,000,2020,06,23,6,3,2,7,2,0,1,0,1,0,0,"731920,432099999860000","5698599,350400000800000",12.333661135000057,51.391156746000036,0,8,8,8,Nordwest
226727,14200615148410523590,14,7,13,000,2020,06,13,2,3,5,3,0,1,1,0,0,0,0,"733976,897099999710000","5692697,438699999800000",12.359284137000031,51.33733454000003,0,0,0,0,Mitte
226732,14200605145200483310,14,7,13,000,2020,06,18,6,3,8,7,0,1,1,0,0,0,0,"732218,588800000030000","5690935,345400000000000",12.332937341000047,51.32223735900004,0,5,5,5,Südwest
226734,14200630148410573830,14,7,13,000,2020,06,08,3,3,5,3,0,1,0,0,0,0,0,"736869,841900000350000","5693921,565099999300000",12.40155522300006,51.34712488300005,0,2,2,2,Ost
226735,14200630148410568440,14,7,13,000,2020,06,16,3,3,1,5,0,1,1,0,0,0,0,"735169,800800000320000","5693385,156800000000000",12.376833293000061,51.343015699000034,0,0,0,0,Mitte
226737,14200701144200587370,14,7,13,000,2020,07,16,4,3,5,2,0,1,0,0,0,0,1,"730181,202999999750000","5689969,052999999400000",12.303124257000036,51.31439076500004,0,5,5,5,Südwest
226738,14200630148320547240,14,7,13,000,2020,06,06,3,3,5,2,0,1,1,0,0,0,0,"731891,258899999780000","5692405,068399999300000",12.32920413200003,51.335564272000056,0,7,7,7,Alt-West
226740,14200630148121572110,14,7,13,000,2020,06,10,3,3,1,6,0,0,1,0,0,0,0,"734146,786100000140000","5695561,307199999700000",12.363602621000041,51.362972023000054,0,9,9,9,Nord
226743,14200630144200657220,14,7,13,000,2020,06,18,3,3,5,3,0,1,1,0,0,0,0,"739970,118599999700000","5693960,966800000500000",12.446017218000065,51.34617838300005,0,2,2,2,Ost
226745,14200630144200634820,14,7,13,000,2020,06,15,3,3,5,3,0,1,1,0,0,0,0,"736303,463000000450000","5687730,125900000300000",12.389334142000052,51.29178472500007,0,4,4,4,Süd
226746,14200630144200601790,14,7,13,000,2020,06,16,3,2,5,3,0,1,1,0,0,0,0,"734641,819299999620000","5693215,834799999400000",12.36915446300003,51.34171392700006,0,0,0,0,Mitte
226748,14200630144200546910,14,7,13,000,2020,06,11,3,3,6,2,0,0,1,1,0,0,0,"737096,110600000250000","5691690,794099999600000",12.403313647000061,51.32700694400006,0,3,3,3,Südost
226749,14200702148310559300,14,7,13,000,2020,07,15,5,3,1,1,0,1,1,0,0,0,0,"729128,989500000140000","5689726,970799999300000",12.287896127000067,51.31264212100007,0,6,6,6,West
226763,14200701144200546890,14,7,13,000,2020,07,15,4,3,1,5,0,0,1,0,0,0,0,"739137,939699999990000","5687809,721000000800000",12.429965029000073,51.29131628500005,0,3,3,3,Südost
226778,14200629148310560930,14,7,13,000,2020,06,14,2,3,0,7,0,0,0,0,0,0,1,"730505,593600000250000","5693874,187400000200000",12.310297177000052,51.34931579400006,0,7,7,7,Alt-West
226779,14200629148310557050,14,7,13,000,2020,06,08,2,3,2,6,0,0,1,0,0,0,0,"732921,125300000420000","5690576,812999999200000",12.342767955000056,51.31873177600005,0,5,5,5,Südwest
226784,14200629148210568300,14,7,13,000,2020,06,10,2,3,7,7,0,1,0,0,0,0,0,"735465,320600000210000","5689472,962799999900000",12.378484557000036,51.30777620500004,0,4,4,4,Süd
226785,14200629148210566120,14,7,13,000,2020,06,13,2,3,6,4,0,0,1,1,0,0,0,"737663,921799999660000","5692630,615000000200000",12.412075403000074,51.335205890000054,0,2,2,2,Ost
226786,14200629148110549950,14,7,13,000,2020,06,14,2,3,5,3,0,1,1,0,0,0,0,"729819,963800000030000","5700921,880699999600000",12.305026886000064,51.412860271000056,0,8,8,8,Nordwest
226789,14200629148110539250,14,7,13,000,2020,06,12,2,3,5,3,0,1,1,0,0,0,0,"734530,392599999900000","5694943,438300000500000",12.368695715000058,51.35726757800006,0,9,9,9,Nord
226791,14200629144200544510,14,7,13,000,2020,06,17,2,3,3,2,0,1,1,0,0,0,0,"732461,732900000180000","5691749,946000000500000",12.336951983000063,51.32945053200007,0,5,5,5,Südwest
226792,14200623148310533960,14,7,13,000,2020,06,19,3,3,5,3,0,1,0,0,1,0,0,"731508,010999999940000","5691446,722999999300000",12.323089259000028,51.32711748400004,0,5,5,5,Südwest
226793,14200629144200544260,14,7,13,000,2020,06,14,2,3,5,2,0,0,1,0,0,0,0,"736065,063900000420000","5688533,623700000300000",12.386452353000038,51.29909603300007,0,4,4,4,Süd
226794,14200623148210550040,14,7,13,000,2020,06,19,3,3,1,1,0,0,1,0,1,0,0,"740873,711099999960000","5692453,313100000800000",12.457948099000077,51.33226420200003,0,2,2,2,Ost
226797,14200623148210523490,14,7,13,000,2020,06,13,3,2,5,2,0,1,1,0,0,0,0,"738137,033300000240000","5690523,190500000500000",12.417446900000073,51.31609178600007,0,3,3,3,Südost
226815,14200702144200667200,14,7,13,000,2020,07,17,5,3,6,6,0,1,0,1,0,0,0,"734723,780000000260000","5695492,257799999800000",12.371830386000056,51.362114140000074,0,9,9,9,Nord
226854,14200627148423008540,14,7,13,000,2020,06,18,7,3,6,4,0,0,1,1,0,0,0,"734093,722599999980000","5693679,431900000200000",12.36160383300006,51.34610131200003,0,0,0,0,Mitte
226856,14200627148210547110,14,7,13,000,2020,06,16,7,3,5,3,0,1,1,0,0,0,0,"735962,695600000210000","5688506,088600000400000",12.384968388000061,51.29889129400004,0,4,4,4,Süd
226858,14200702148414553850,14,7,13,000,2020,07,13,5,2,0,1,0,1,0,0,0,0,0,"735286,087399999610000","5693690,785000000100000",12.378701902000046,51.34571100800008,0,0,0,0,Mitte
226859,14200627144200537370,14,7,13,000,2020,06,10,7,3,5,3,0,1,1,0,0,0,0,"739460,206000000240000","5694599,480299999900000",12.439138461000027,51.352124522000054,0,2,2,2,Ost
226870,14200702144200573780,14,7,13,000,2020,07,16,5,3,5,2,0,0,1,0,0,0,0,"740887,145999999720000","5693949,287799999100000",12.459152288000041,51.345685755000034,0,2,2,2,Ost
226883,14200626148410547330,14,7,13,000,2020,06,10,6,3,5,2,0,1,1,0,0,0,0,"734282,037700000220000","5693503,384999999800000",12.364187212000047,51.34444346300006,0,0,0,0,Mitte
226884,14200626148410536060,14,7,13,000,2020,06,23,6,3,0,1,2,0,0,0,0,0,1,"738388,251299999650000","5690337,270300000900000",12.420920914000021,51.31431780100007,0,3,3,3,Südost
226887,14200626148323535980,14,7,13,000,2020,06,23,6,3,2,6,2,1,0,0,0,0,0,"732367,819199999790000","5688156,673800000900000",12.333265577000077,51.29723289800006,0,5,5,5,Südwest
226889,14200626148320550160,14,7,13,000,2020,06,14,6,3,5,2,0,0,1,0,1,0,0,"730064,431800000370000","5690055,912699999300000",12.301507592000064,51.31521772500008,0,6,6,6,West
226892,14200626148310547250,14,7,13,000,2020,06,10,6,3,5,3,0,1,1,0,0,0,0,"731844,487499999810000","5689350,914899999300000",12.326547821000077,51.308166733000064,0,5,5,5,Südwest
226893,14200626144320977570,14,7,13,000,2020,06,17,6,3,5,2,0,1,1,0,0,0,0,"733898,726999999960000","5692473,834000000700000",12.358017079000035,51.335359502000074,0,0,0,0,Mitte
226895,14200626144200565950,14,7,13,000,2020,06,19,6,2,3,2,0,1,1,0,0,0,0,"735183,766999999990000","5688966,152000000700000",12.374118320000036,51.30334324000006,0,4,4,4,Süd
226896,14200626144200537260,14,7,13,000,2020,06,17,6,3,4,6,0,0,1,0,0,0,0,"737185,148500000130000","5695534,595499999800000",12.407149633000074,51.36147205900005,0,1,1,1,Nordost
226903,14200622148410559330,14,7,13,000,2020,06,05,2,3,5,7,0,0,1,0,1,0,0,"735249,188299999570000","5692911,039799999400000",12.377657930000055,51.338727025000026,0,0,0,0,Mitte
226905,14200622148410536020,14,7,13,000,2020,06,16,2,3,5,3,0,1,0,0,0,0,1,"733670,255400000140000","5694712,268699999900000",12.356212062000054,51.355546805000074,0,0,0,0,Mitte
226908,14200622148410534020,14,7,13,000,2020,06,18,2,3,5,3,0,1,1,0,0,0,0,"737592,627799999900000","5693447,748099999500000",12.411598859000037,51.34257028600007,0,2,2,2,Ost
226912,14200622148320535940,14,7,13,000,2020,06,10,2,3,3,6,0,1,1,0,0,0,0,"732789,959900000130000","5690556,702899999900000",12.34087584200006,51.318604924000056,0,5,5,5,Südwest
226917,14200622148310521320,14,7,13,000,2020,06,06,2,3,5,2,0,1,1,0,0,0,0,"733390,952499999660000","5692147,925599999700000",12.350527011000054,51.33264255600005,0,5,5,5,Südwest
226920,14200622148110521200,14,7,13,000,2020,06,10,2,3,1,6,0,1,1,0,0,0,0,"734005,929800000040000","5695597,726900000100000",12.361606871000049,51.363356972000076,0,9,9,9,Nord
226924,14200625148422544580,14,7,13,000,2020,06,19,5,3,1,5,0,1,1,0,0,0,0,"734918,999300000260000","5692241,204099999700000",12.37248426800005,51.332850816000075,0,0,0,0,Mitte
226926,14200702148110549940,14,7,13,000,2020,07,07,5,3,8,1,0,0,1,0,0,0,0,"734506,310100000350000","5695001,489000000100000",12.368388707000065,51.35779860200006,1,9,9,9,Nord
226927,14200625148410557160,14,7,13,000,2020,06,17,5,3,4,6,0,1,1,0,0,0,0,"737334,513000000270000","5693655,883099999300000",12.408038345000023,51.34454631300008,0,2,2,2,Ost
226928,14200625148410557150,14,7,13,000,2020,06,21,5,3,0,1,1,1,0,0,0,0,0,"734998,909400000240000","5692266,647900000200000",12.373646099000041,51.33304620000007,0,0,0,0,Mitte
226930,14200625148410539510,14,7,13,000,2020,06,15,5,3,5,3,0,1,1,0,0,0,0,"731410,481999999840000","5691635,981000000600000",12.32181472700006,51.32885610900007,0,7,7,7,Alt-West
226931,14200625148410531580,14,7,13,000,2020,06,08,5,3,1,5,0,1,1,0,0,0,0,"734058,096099999730000","5693198,403500000000000",12.360776993000059,51.34179803500007,0,0,0,0,Mitte
226933,14200625148310537400,14,7,13,000,2020,06,20,5,3,5,3,0,1,1,0,0,0,0,"728404,282499999740000","5689875,271800000200000",12.277610166000045,51.31426473800008,0,6,6,6,West
226936,14200625148310535920,14,7,13,000,2020,06,08,5,3,0,7,0,1,0,0,0,0,0,"733079,632600000130000","5691563,881400000300000",12.345683941000061,51.32752745600004,1,5,5,5,Südwest
226937,14200625148310531500,14,7,13,000,2020,06,08,5,3,5,3,0,1,1,0,0,0,0,"731827,461099999960000","5691415,527899999200000",12.327646092000066,51.32670736500006,0,5,5,5,Südwest
226940,14200625148110531280,14,7,13,000,2020,06,11,5,3,6,6,0,0,0,1,1,0,0,"735064,954800000410000","5697965,883099999300000",12.378357932000029,51.38417707200006,0,9,9,9,Nord
226943,14200625144200531190,14,7,13,000,2020,06,14,5,3,5,3,0,1,0,0,0,0,1,"737300,596099999730000","5695375,755500000000000",12.408698924000078,51.35999810700008,0,1,1,1,Nordost
226950,14200630662211560970,14,7,13,000,2020,06,12,3,2,0,1,0,1,0,0,0,0,0,"732755,519000000320000","5694145,095400000000000",12.342726803000062,51.35083086000003,0,0,0,0,Mitte
226977,14200702144200660280,14,7,13,000,2020,07,20,5,3,5,2,1,1,1,0,0,0,0,"736705,467199999840000","5689541,888499999400000",12.396290589000046,51.30788061900006,1,4,4,4,Süd
226982,14200624149110539650,14,7,13,000,2020,06,14,4,3,3,6,0,1,0,0,0,0,0,"731196,670099999760000","5693377,216199999700000",12.31988115200005,51.34457390400007,0,7,7,7,Alt-West
226984,14200624148410534110,14,7,13,000,2020,06,08,4,3,5,2,0,1,1,0,0,0,0,"737590,927600000050000","5693400,302400000400000",12.41154283800006,51.34214512300008,0,2,2,2,Ost
226986,14200624148210553740,14,7,13,000,2020,06,13,4,3,2,6,0,0,1,0,1,0,0,"737392,157499999740000","5692712,029899999500000",12.408235423000065,51.33605017300005,0,2,2,2,Ost
226994,14200701148410573820,14,7,13,000,2020,07,09,4,3,2,6,0,0,1,0,0,0,0,"734651,722000000070000","5693277,591000000000000",12.369337080000037,51.34226419000004,0,0,0,0,Mitte