OBJECTID,UIDENTSTLAE,ULAND,UREGBEZ,UKREIS,UGEMEINDE,UJAHR,UMONAT,USTUNDE,UWOCHENTAG,UKATEGORIE,UART,UTYP1,ULICHTVERH,IstRad,IstPKW,IstFuss,IstKrad,IstGkfz,IstSonstige,LINREFX,LINREFY,XGCSWGS84,YGCSWGS84,STRZUSTAND,index_right,FID,SBZ,Name
226996,14200701148210555310,14,7,13,000,2020,07,18,4,3,5,3,0,1,1,0,0,0,0,"737984,035400000400000","5690575,127299999800000",12.415290108000022,51.31662196800005,0,3,3,3,Südost
227003,14200709148410575250,14,7,13,000,2020,07,11,5,2,6,4,0,1,0,1,0,0,0,"735615,032399999910000","5693402,753599999500000",12.383226118000039,51.342989329000034,1,0,0,0,Mitte
227009,14200713148210587400,14,7,13,000,2020,07,19,2,3,5,2,0,1,1,0,0,0,0,"736550,036299999800000","5687246,263599999200000",12.392543700000033,51.28733910100004,0,4,4,4,Süd
227016,14200714148410593290,14,7,13,000,2020,07,07,3,3,5,3,0,1,1,0,0,0,0,"735284,187800000420000","5692733,467199999800000",12.37804221700003,51.33711859400006,0,0,0,0,Mitte
227017,14200707148110563220,14,7,13,000,2020,07,08,3,3,5,3,0,0,1,0,0,0,1,"737266,503899999890000","5694404,960500000000000",12.407562848000055,51.35129845500006,0,1,1,1,Nordost
227021,14200716144310629650,14,7,13,000,2020,07,08,5,3,2,6,0,0,1,0,1,0,0,"736875,793999999760000","5694393,152699999500000",12.401954340000032,51.35135542000006,1,1,1,1,Nordost
227022,14200713144200598930,14,7,13,000,2020,07,11,2,3,0,1,0,1,0,0,0,0,0,"735693,784500000070000","5695780,052999999400000",12.38592922600003,51.36429591900003,0,9,9,9,Nord
227027,14200717148310587430,14,7,13,000,2020,07,00,6,3,1,1,2,0,1,0,0,0,0,"728862,188400000330000","5694700,921399999400000",12.28726970100007,51.35740154000007,0,7,7,7,Alt-West
227035,14200708144200572020,14,7,13,000,2020,07,12,4,3,5,3,0,0,1,0,0,0,0,"737883,830199999730000","5690611,003399999800000",12.413878741000076,51.316985886000055,0,3,3,3,Südost
227047,14200705148122556980,14,7,13,000,2020,07,18,1,3,0,7,0,1,0,0,0,0,0,"735289,216900000350000","5696570,412499999600000",12.380651126000032,51.37155808700004,0,9,9,9,Nord
227053,14200705148110579480,14,7,13,000,2020,07,23,1,2,0,1,2,1,0,0,0,0,0,"735031,005300000310000","5692964,197499999800000",12.374566217000051,51.33929440500003,0,0,0,0,Mitte
227056,14200715148410584820,14,7,13,000,2020,07,17,4,3,2,7,0,1,1,0,0,0,0,"733793,528300000350000","5693597,149100000000000",12.357246940000039,51.34548622800003,1,0,0,0,Mitte
227057,14200712144200577250,14,7,13,000,2020,07,14,1,3,8,1,0,0,0,0,1,0,0,"734797,934200000020000","5693076,586400000400000",12.371300104000056,51.340399535000074,0,0,0,0,Mitte
227058,14200709148410568400,14,7,13,000,2020,07,16,5,3,5,2,0,0,0,0,0,0,1,"735474,001000000160000","5693364,510299999300000",12.381179529000065,51.34270447000006,1,0,0,0,Mitte
227064,14200713148210577290,14,7,13,000,2020,07,12,2,3,1,5,0,1,1,0,0,0,0,"735238,604600000200000","5690666,245799999700000",12.376024591000032,51.318581315000074,0,4,4,4,Süd
227071,14200714148210593250,14,7,13,000,2020,07,06,3,3,6,4,0,0,1,1,0,0,0,"738735,644799999890000","5689299,300300000200000",12.425202008000042,51.30485544100003,0,3,3,3,Südost
227073,14200709148210568260,14,7,13,000,2020,07,18,5,3,5,2,0,1,1,0,0,0,0,"737748,816200000230000","5693031,623199999300000",12.413559520000035,51.33876986200005,0,2,2,2,Ost
227075,14200718144200623420,14,7,13,000,2020,07,10,7,3,3,2,0,0,1,0,1,0,0,"731352,540900000370000","5691591,609699999900000",12.32095570000007,51.32848136100006,0,7,7,7,Alt-West
227077,14200707148410579590,14,7,13,000,2020,07,16,3,3,1,5,0,1,1,0,0,0,0,"736743,646200000310000","5692282,262399999400000",12.398656796000068,51.33246284000006,0,3,3,3,Südost
227078,14200716144200590600,14,7,13,000,2020,07,10,5,2,6,7,0,0,0,1,0,0,1,"741394,210500000040000","5687256,367300000000000",12.461889796000037,51.28539794500006,0,3,3,3,Südost
227079,14200713144200577220,14,7,13,000,2020,07,17,2,3,5,2,0,1,1,0,0,0,0,"737385,103600000030000","5691590,075400000400000",12.407386951000035,51.325982372000055,0,3,3,3,Südost
227084,14200717148110620150,14,7,13,000,2020,07,07,6,3,0,1,0,1,0,0,0,0,0,"738123,263799999840000","5694094,420499999100000",12.419636199000024,51.34815280300006,0,1,1,1,Nordost
227089,14200707144200626720,14,7,13,000,2020,07,14,3,3,5,3,0,1,1,0,0,0,0,"733539,512199999760000","5694189,858400000300000",12.35399484100003,51.35091111100007,0,0,0,0,Mitte
227094,14200708148224577330,14,7,13,000,2020,07,18,4,3,5,3,0,1,1,0,0,0,0,"734721,746100000110000","5690558,881799999600000",12.368550010000035,51.31783098500006,0,4,4,4,Süd
227099,14200712148210670280,14,7,13,000,2020,07,21,1,3,1,1,2,1,1,0,0,0,0,"738886,673899999820000","5693612,727399999300000",12.430255118000048,51.34350892300006,0,2,2,2,Ost
227101,14200704148422560950,14,7,13,000,2020,07,17,7,3,3,6,0,1,1,0,0,0,0,"737649,048700000160000","5693556,226600000600000",12.41247985900003,51.34352041100004,0,2,2,2,Ost
227105,14200704148310560940,14,7,13,000,2020,07,02,7,3,6,4,2,0,1,1,0,0,0,"735316,149699999950000","5693730,870799999700000",12.379159283000035,51.34605838900006,0,0,0,0,Mitte
227107,14200715144200587360,14,7,13,000,2020,07,14,4,3,5,2,0,0,1,0,0,0,0,"730303,836799999700000","5691272,577500000600000",12.305722865000064,51.32604293600008,0,7,7,7,Alt-West
227112,14200715148310599260,14,7,13,000,2020,07,15,4,3,5,3,0,1,1,0,0,0,0,"731951,820199999960000","5690375,477299999400000",12.328751269000065,51.31732033600008,0,5,5,5,Südwest
227114,14200709148310577340,14,7,13,000,2020,07,04,5,3,8,7,1,0,1,0,0,0,0,"730967,188599999990000","5693953,929500000600000",12.316965980000077,51.34984426500006,0,7,7,7,Alt-West
227115,14200704148123559240,14,7,13,000,2020,07,01,7,3,6,2,2,0,1,1,0,0,0,"737297,142400000240000","5695369,619300000400000",12.408645315000058,51.35994447100006,0,1,1,1,Nordost
227120,14200716148410587450,14,7,13,000,2020,07,13,5,3,4,6,0,1,0,0,0,0,0,"734954,082999999630000","5693388,251000000200000",12.37374358300002,51.34313265500003,0,0,0,0,Mitte
227121,14200713144310577261,14,7,13,000,2020,07,12,2,3,8,1,0,0,1,0,0,0,0,"741942,509300000030000","5695359,314799999800000",12.475235952000048,51.357893200000035,0,2,2,2,Ost
227125,14200713148210606990,14,7,13,000,2020,07,19,2,3,0,1,1,0,0,0,1,0,0,"735631,341000000010000","5690684,352399999300000",12.381662380000023,51.318581366000046,0,4,4,4,Süd
227126,14200704144200555150,14,7,13,000,2020,07,06,7,2,0,7,0,1,0,0,0,0,0,"731901,588299999940000","5691798,809900000700000",12.328957579000075,51.330117802000075,0,5,5,5,Südwest
227129,14200709144200573770,14,7,13,000,2020,07,07,5,3,6,4,0,1,0,1,0,0,0,"735082,049800000150000","5689788,275599999400000",12.373203329000035,51.31076498200008,1,4,4,4,Süd
227133,14200707148110572070,14,7,13,000,2020,07,15,3,3,2,6,0,0,1,0,0,0,0,"733948,632500000300000","5694988,440500000500000",12.360384600000032,51.357911330000036,0,9,9,9,Nord
227145,14200714144200584680,14,7,13,000,2020,07,12,3,2,1,5,0,1,1,0,0,0,0,"734557,092899999580000","5691777,919700000400000",12.366993456000046,51.32884152500003,0,0,0,0,Mitte
227153,14200708148110566080,14,7,13,000,2020,07,07,4,3,0,1,0,0,0,0,1,0,0,"733229,990899999630000","5695842,832499999600000",12.35064137300003,51.36587622400003,1,8,8,8,Nordwest
227174,14200709148310568340,14,7,13,000,2020,07,17,5,3,5,3,0,1,1,0,0,0,0,"731551,894100000150000","5691442,683800000700000",12.323715400000026,51.32706336600006,0,5,5,5,Südwest
227176,14200709148410568430,14,7,13,000,2020,07,10,5,3,6,4,0,1,0,1,0,0,0,"736206,234199999830000","5691397,677899999500000",12.390370044000065,51.32474602800005,1,0,0,0,Mitte
227182,14200713148210577301,14,7,13,000,2020,07,09,2,3,5,5,0,0,1,0,1,0,0,"737992,990600000140000","5689232,872600000400000",12.414522997000063,51.30457009600008,0,3,3,3,Südost
227189,14200714148223584760,14,7,13,000,2020,07,21,3,3,2,2,1,0,1,0,0,0,0,"737337,441100000400000","5693075,838199999200000",12.407693748000042,51.339338576000046,0,2,2,2,Ost
227190,14200707144200950270,14,7,13,000,2020,07,10,3,3,5,3,0,1,0,0,0,0,1,"727623,749900000170000","5689064,314400000500000",12.265911635000066,51.30729715000007,0,6,6,6,West
227191,14200706148421559380,14,7,13,000,2020,07,07,2,3,3,6,0,1,1,0,0,0,0,"735107,839999999850000","5693982,404100000900000",12.376339625000071,51.34840242000007,0,0,0,0,Mitte
227195,14200718148410593311,14,7,13,000,2020,07,15,7,3,0,3,0,1,1,0,0,0,0,"732480,321499999610000","5692082,404300000500000",12.33743522900005,51.33242732100007,0,7,7,7,Alt-West
227198,14200716144200592020,14,7,13,000,2020,07,11,5,1,5,3,0,1,0,0,0,0,1,"730888,492300000040000","5691770,653300000400000",12.31442247700005,51.33027715800006,0,7,7,7,Alt-West
227199,14200713144200579450,14,7,13,000,2020,07,16,2,3,3,6,0,0,1,0,0,0,0,"735332,675099999640000","5692528,438799999700000",12.378601623000066,51.33525812800008,0,0,0,0,Mitte
227204,14200717148210648320,14,7,13,000,2020,07,09,6,3,5,3,0,1,1,0,0,0,0,"735281,644799999890000","5690883,918999999800000",12.376784756000063,51.32051743900007,0,4,4,4,Süd
227210,14200703148210557040,14,7,13,000,2020,07,09,6,3,2,6,0,0,1,0,0,0,0,"738066,039599999790000","5690920,486400000800000",12.416695249000043,51.319687619000035,0,3,3,3,Südost
227212,14200703148210553720,14,7,13,000,2020,07,17,6,3,0,1,0,1,0,0,0,0,0,"738042,133100000210000","5691367,392100000800000",12.416651171000069,51.32370904700008,0,3,3,3,Südost
227214,14200703144200601830,14,7,13,000,2020,07,19,6,3,0,1,0,1,0,0,0,0,0,"731271,833100000400000","5691795,821100000300000",12.319931789000066,51.330347360000076,0,7,7,7,Alt-West
227218,14200706148410573840,14,7,13,000,2020,07,09,2,3,3,2,0,1,0,0,0,0,1,"735139,267500000070000","5693716,820499999400000",12.376614698000026,51.34600545400008,0,0,0,0,Mitte
227220,14200712148310575180,14,7,13,000,2020,07,15,1,2,2,5,0,0,1,0,1,0,0,"731514,797199999910000","5693032,103700000800000",12.324216694000029,51.34134643600004,0,7,7,7,Alt-West
227222,14200703144200559160,14,7,13,000,2020,07,07,6,2,6,4,0,0,0,1,0,0,1,"735066,043499999680000","5690343,832599999400000",12.37334018100006,51.315758506000066,0,4,4,4,Süd
227227,14200713148421596840,14,7,13,000,2020,07,06,2,3,6,2,0,0,1,1,0,0,0,"734368,352400000210000","5692928,011600000800000",12.365045703000021,51.33924307800004,0,0,0,0,Mitte
227229,14200715148110593230,14,7,13,000,2020,07,22,4,3,5,3,2,1,0,0,1,0,0,"735116,169999999930000","5694943,073200000500000",12.377093659000025,51.35702225500006,1,0,0,0,Mitte
227233,14200715148410584800,14,7,13,000,2020,07,08,4,3,0,7,0,0,0,0,1,0,0,"735004,578999999910000","5695335,285000000100000",12.375752877000025,51.36058903300005,1,9,9,9,Nord
227235,14200709148310592060,14,7,13,000,2020,07,20,5,3,1,5,0,1,0,0,0,0,1,"732097,340400000100000","5690688,229000000300000",12.331039408000038,51.32006851700004,0,5,5,5,Südwest
227236,14200703144200555190,14,7,13,000,2020,07,21,6,3,5,5,1,1,1,0,0,0,0,"732934,928199999970000","5691219,507799999800000",12.343385572000045,51.32449539400005,0,5,5,5,Südwest
227241,14200713144320680150,14,7,13,000,2020,07,15,2,3,2,6,0,0,1,0,0,0,0,"736663,927600000050000","5689874,338500000500000",12.395916211000042,51.31088203300004,0,4,4,4,Süd
227247,14200709148200660180,14,7,13,000,2020,07,12,5,3,5,2,0,1,1,0,0,0,0,"734462,077499999660000","5691192,023700000700000",12.365246678000062,51.32362141500005,0,4,4,4,Süd
227251,14200707148110587380,14,7,13,000,2020,07,15,3,3,1,5,0,1,1,0,0,0,0,"735014,041000000200000","5696347,636700000600000",12.376557502000026,51.36967230600004,0,9,9,9,Nord
227252,14200716144200587350,14,7,13,000,2020,07,12,5,3,1,5,0,1,1,0,0,0,0,"736529,220200000330000","5693783,798200000100000",12.396581456000035,51.34603008600004,0,2,2,2,Ost
227254,14200710144200579490,14,7,13,000,2020,07,12,6,3,5,2,0,1,1,0,0,0,0,"732849,129999999890000","5690555,004000000700000",12.341722360000063,51.31856546600005,0,5,5,5,Südwest
227264,14200714148210579500,14,7,13,000,2020,07,09,3,3,2,6,0,1,1,0,0,0,0,"735072,674700000320000","5690895,758899999800000",12.373798986000054,51.32071008300005,0,4,4,4,Süd
227265,14200707144200565960,14,7,13,000,2020,07,20,3,2,5,3,0,0,1,0,0,0,0,"738305,550400000070000","5691278,259400000800000",12.420365229000026,51.322798730000045,0,3,3,3,Südost
227270,14200708148224568320,14,7,13,000,2020,07,19,4,3,6,7,0,0,0,1,0,0,1,"735087,305399999950000","5692568,498400000900000",12.37511192200003,51.335719193000045,0,0,0,0,Mitte
227275,14200712148210611190,14,7,13,000,2020,07,09,1,3,5,3,0,1,1,0,0,0,0,"735114,712700000030000","5688744,940500000500000",12.372983747000035,51.30138606700007,0,4,4,4,Süd
227283,14200706148110563190,14,7,13,000,2020,07,14,2,3,3,6,0,1,1,0,0,0,0,"739267,998900000010000","5697711,929300000900000",12.438477329000023,51.38014199600008,0,1,1,1,Nordost
227288,14200709148310572160,14,7,13,000,2020,07,07,5,3,3,6,0,0,1,0,0,0,1,"731131,673299999910000","5691896,300899999200000",12.317988576000062,51.33130632500007,1,7,7,7,Alt-West
227302,14200727148410623730,14,7,13,000,2020,07,07,2,3,3,2,0,1,1,0,0,0,0,"735974,795800000430000","5691617,471500000000000",12.387199846000044,51.32681499100005,0,0,0,0,Mitte
227304,14200727148110620210,14,7,13,000,2020,07,07,2,3,5,3,0,1,1,0,0,0,0,"737266,703499999830000","5694404,929700000200000",12.407565689000023,51.35129809500006,0,1,1,1,Nordost
227305,14200804148423654830,14,7,13,000,2020,08,14,3,3,5,2,0,1,1,0,0,0,0,"737392,096300000320000","5692658,054400000700000",12.408198579000043,51.33556571100007,0,2,2,2,Ost
227306,14200727144200816890,14,7,13,000,2020,07,16,2,3,5,3,0,1,1,0,0,0,0,"735640,107400000100000","5696705,999900000200000",12.385773168000071,51.372629689000064,0,9,9,9,Nord
227325,14200730148410642780,14,7,13,000,2020,07,07,5,3,5,3,0,1,1,0,0,0,0,"734399,982499999930000","5692967,273900000400000",12.36552484300006,51.33958247800007,0,0,0,0,Mitte
227326,14200730148310742870,14,7,13,000,2020,07,16,5,3,2,6,0,1,0,0,0,0,0,"734140,216000000010000","5696544,751599999100000",12.364155942000025,51.37180254400005,0,9,9,9,Nord
227328,14200730144200689960,14,7,13,000,2020,07,16,5,3,3,5,0,0,1,0,0,0,1,"736615,135300000200000","5692244,272900000200000",12.396790168000052,51.33217531400004,0,3,3,3,Südost
227333,14200801144200675210,14,7,13,000,2020,08,06,7,3,3,2,0,1,1,0,0,0,0,"742281,968999999580000","5694025,590099999700000",12.479194407000023,51.34577791900006,0,2,2,2,Ost
227335,14200730144200626810,14,7,13,000,2020,07,10,5,3,1,5,0,1,1,0,0,0,0,"739834,824199999680000","5692308,593399999700000",12.442965555000058,51.33140422400004,0,2,2,2,Ost
227341,14200730144200626760,14,7,13,000,2020,07,15,5,2,3,6,0,1,1,0,0,0,0,"737398,272699999620000","5692888,457800000900000",12.408440626000072,51.33763124700005,0,2,2,2,Ost
227342,14200725148310629680,14,7,13,000,2020,07,23,7,3,0,1,2,1,0,0,0,0,0,"731756,321000000460000","5689841,468900000700000",12.325603743000045,51.31260626900007,0,5,5,5,Südwest
227360,14200724148410620420,14,7,13,000,2020,07,18,6,3,5,3,0,1,1,0,0,0,0,"736168,840099999680000","5691064,246799999800000",12.389613439000073,51.321768589000044,0,0,0,0,Mitte
227362,14200724148410620320,14,7,13,000,2020,07,21,6,3,2,6,1,0,1,0,0,0,0,"735012,625400000250000","5692067,389000000400000",12.373711220000075,51.33125190800007,0,0,0,0,Mitte
227364,14200724148410611350,14,7,13,000,2020,07,22,6,3,6,4,2,1,0,1,0,0,0,"737531,830000000070000","5693661,994699999700000",12.41087043500005,51.344518770000036,0,2,2,2,Ost
227365,14200724148310627140,14,7,13,000,2020,07,10,6,3,5,3,0,0,1,0,1,0,0,"731821,620299999600000","5692970,209799999400000",12.328573964000043,51.34066582000003,0,7,7,7,Alt-West
227367,14200724148221611250,14,7,13,000,2020,07,15,6,3,6,3,0,1,0,1,0,0,0,"735283,443199999630000","5689454,336600000000000",12.375867541000048,51.307684205000044,0,4,4,4,Süd
227369,14200724144200719760,14,7,13,000,2020,07,13,6,3,2,6,0,0,1,0,0,0,0,"728690,504599999640000","5689590,015300000100000",12.281527358000062,51.311588983000036,0,6,6,6,West
227371,14200724144200613140,14,7,13,000,2020,07,18,6,3,5,3,0,0,1,0,1,0,0,"735073,409500000070000","5689669,210599999900000",12.373001130000034,51.309699772000045,0,4,4,4,Süd
227372,14200804144200642450,14,7,13,000,2020,08,19,3,3,5,7,0,1,1,0,0,0,0,"739438,549100000410000","5691898,826099999200000",12.437012493000054,51.32789317900006,0,2,2,2,Ost
227376,14200804148210639860,14,7,13,000,2020,08,11,3,3,0,1,0,1,0,0,0,0,0,"738796,767099999820000","5693669,132200000800000",12.429004424000027,51.34405297100005,0,2,2,2,Ost
227379,14200802144200642440,14,7,13,000,2020,08,14,1,3,1,5,0,1,1,0,0,0,0,"735121,423899999820000","5696220,302699999900000",12.378013244000044,51.368484882000075,0,9,9,9,Nord
227388,14200729148410629690,14,7,13,000,2020,07,07,4,3,5,2,0,1,1,0,0,0,0,"735559,761400000190000","5692149,031800000000000",12.381604903000039,51.33175844400006,0,0,0,0,Mitte
227389,14200731148410629710,14,7,13,000,2020,07,10,6,3,3,2,0,1,0,0,0,0,0,"735460,957999999630000","5693291,017999999200000",12.380944002000035,51.34205018200004,0,0,0,0,Mitte
227392,14200729148310645640,14,7,13,000,2020,07,14,4,3,3,5,0,1,1,0,0,0,0,"731364,377799999900000","5693190,974099999300000",12.322164005000047,51.34283381600005,0,7,7,7,Alt-West
227393,14200731148110652280,14,7,13,000,2020,07,09,6,3,6,2,0,0,1,1,0,0,0,"736294,423899999820000","5697994,619000000900000",12.396013746000051,51.38392465000004,0,1,1,1,Nordost
227397,14200803144200737890,14,7,13,000,2020,08,14,2,3,5,3,0,1,1,0,0,0,0,"736251,091900000350000","5692964,657600000500000",12.392051604000073,51.33879296100008,0,0,0,0,Mitte
227401,14200729148110648181,14,7,13,000,2020,07,18,4,3,5,3,0,1,0,0,0,0,0,"733200,773000000040000","5695645,165999999300000",12.350092782000047,51.36411385400004,0,8,8,8,Nordwest
227402,14200731144200657190,14,7,13,000,2020,07,17,6,3,8,1,0,0,1,0,0,0,0,"745415,708300000060000","5690472,760800000300000",12.521658065000054,51.312547315000074,0,2,2,2,Ost
227412,14200729148110634890,14,7,13,000,2020,07,11,4,3,5,3,0,1,0,0,0,0,1,"737252,518000000160000","5694950,945000000300000",12.40772634800004,51.35620507100003,0,1,1,1,Nordost
227414,14200729148110626970,14,7,13,000,2020,07,05,4,3,5,3,0,1,1,0,0,0,0,"735904,043999999760000","5698208,142000000900000",12.390555573000029,51.38600360200007,0,9,9,9,Nord
227415,14200723148321639910,14,7,13,000,2020,07,17,5,3,3,6,0,1,1,0,0,0,0,"732928,721199999560000","5691028,132400000500000",12.34317160300003,51.32278002000004,0,5,5,5,Südwest
227416,14200729144200648120,14,7,13,000,2020,07,17,4,2,5,3,0,1,1,0,0,0,0,"735322,633399999700000","5692624,994999999200000",12.378521506000027,51.33612900400004,0,0,0,0,Mitte
227421,14200723144200611020,14,7,13,000,2020,07,22,5,3,1,1,2,0,1,0,0,0,1,"737730,123200000260000","5693819,838300000900000",12.413817815000073,51.345852696000065,0,2,2,2,Ost
227424,14200729144200626700,14,7,13,000,2020,07,10,4,3,3,5,0,1,1,0,0,0,0,"737561,422799999830000","5693457,607100000600000",12.411158215000057,51.34267181900003,0,2,2,2,Ost
227427,14200729144200623440,14,7,13,000,2020,07,06,4,3,6,4,0,1,0,1,0,0,0,"736477,759999999780000","5699680,958699999400000",12.399766629000055,51.39898500400005,0,9,9,9,Nord
227431,14200804144200812400,14,7,13,000,2020,08,09,3,3,6,2,0,0,1,1,0,0,0,"738667,163999999870000","5697615,114399999400000",12.429794453000056,51.37952585900007,0,1,1,1,Nordost
227438,14200731144200634860,14,7,13,000,2020,07,21,6,3,6,4,2,0,0,1,0,0,1,"735411,724700000140000","5689502,733100000800000",12.377736632000051,51.30806560000008,0,4,4,4,Süd
227447,14200722148410607030,14,7,13,000,2020,07,16,4,3,5,3,0,1,1,0,0,0,0,"736917,071899999860000","5690792,275900000700000",12.400151463000043,51.31901629400005,0,0,0,0,Mitte
227449,14200722144200724570,14,7,13,000,2020,07,12,4,2,0,7,0,0,0,0,0,0,1,"735529,289599999790000","5692030,224400000600000",12.381089753000026,51.330704609000065,0,0,0,0,Mitte
227451,14200731143263711390,14,7,13,000,2020,07,23,6,3,0,7,2,1,1,0,0,0,0,"731971,873599999580000","5691833,141100000600000",12.329987046000042,51.33039732800006,0,5,5,5,Südwest
227452,14200722141200606831,14,7,13,000,2020,07,15,4,3,0,1,0,0,0,0,0,0,1,"732375,667000000370000","5691498,530600000200000",12.335554844000058,51.32722880500006,0,5,5,5,Südwest
227456,14200803144200634830,14,7,13,000,2020,08,14,2,2,5,3,0,0,1,0,0,0,1,"730002,001299999650000","5690102,201999999600000",12.300643138000055,51.31565850100003,0,6,6,6,West
227474,14200804148410642820,14,7,13,000,2020,08,10,3,3,5,3,0,1,1,0,0,0,0,"737164,531399999750000","5692699,496899999700000",12.404965254000047,51.33603264300007,0,3,3,3,Südost
227488,14200721148410602200,14,7,13,000,2020,07,10,3,3,6,4,0,1,0,1,0,0,0,"735305,106399999930000","5693451,696499999600000",12.378816506000021,51.34355700200007,0,0,0,0,Mitte
227489,14200804144200642460,14,7,13,000,2020,08,11,3,3,5,2,0,1,1,0,0,0,0,"733822,775000000370000","5692554,500000000000000",12.356981612000027,51.336114835000046,0,0,0,0,Mitte
227490,14200721148222607000,14,7,13,000,2020,07,15,3,3,5,3,0,1,1,0,0,0,0,"738552,198400000110000","5690380,500099999800000",12.423297995000041,51.31463714000006,0,3,3,3,Südost
227491,14200721144200603170,14,7,13,000,2020,07,10,3,2,1,5,0,1,1,0,0,0,0,"739967,470300000160000","5691766,913000000600000",12.444501353000021,51.32648630500006,0,2,2,2,Ost
227493,14200721144200601810,14,7,13,000,2020,07,17,3,3,3,2,0,1,1,0,0,0,0,"737582,428999999540000","5693401,824999999300000",12.411422056000049,51.34216234100006,0,2,2,2,Ost
227495,14200802148210642700,14,7,13,000,2020,08,19,1,3,9,1,0,0,1,0,0,0,0,"738846,977900000290000","5690980,010500000800000",12.427921556000058,51.31989466400006,1,3,3,3,Südost
227515,14200803148110652210,14,7,13,000,2020,08,06,2,3,5,3,0,0,1,0,0,0,0,"737088,006699999790000","5697896,491000000400000",12.407331975000034,51.382713023000065,0,1,1,1,Nordost
227520,14200720148210602020,14,7,13,000,2020,07,08,2,3,5,2,0,0,1,0,0,0,1,"735707,599799999970000","5690900,281800000000000",12.38289749200004,51.320488038000065,0,4,4,4,Süd
227521,14200720148122617160,14,7,13,000,2020,07,14,2,3,3,6,0,1,0,0,0,0,0,"735103,263100000100000","5697020,554800000000000",12.378282031000026,51.37567569000004,0,9,9,9,Nord
227522,14200720148120601960,14,7,13,000,2020,07,15,2,3,3,2,0,1,1,0,0,0,0,"733486,759399999860000","5697568,736300000900000",12.355457006000051,51.38126332500008,0,8,8,8,Nordwest
227525,14200728148410620430,14,7,13,000,2020,07,08,3,3,3,5,0,1,1,0,0,0,0,"735181,581899999640000","5692039,386900000300000",12.376113667000027,51.330930720000026,0,0,0,0,Mitte
227527,14200728148310620980,14,7,13,000,2020,07,10,3,3,0,1,0,1,0,0,0,0,0,"728543,086400000380000","5689532,176899999400000",12.279378690000044,51.311128960000076,0,6,6,6,West
227529,14200728144320634810,14,7,13,000,2020,07,10,3,3,3,2,0,1,1,0,0,0,0,"737373,446299999950000","5693153,038100000500000",12.408261179000021,51.34001649800007,0,2,2,2,Ost
227531,14200728144200699060,14,7,13,000,2020,07,06,3,2,9,1,0,0,1,0,0,0,0,"733037,087100000120000","5694150,052799999700000",12.346766397000067,51.35075999500003,0,0,0,0,Mitte
227540,14200728144200632650,14,7,13,000,2020,07,16,3,3,2,6,0,0,1,0,0,0,0,"742282,501699999910000","5694017,474899999800000",12.479196520000073,51.345704855000065,0,2,2,2,Ost
227545,14200728144200627000,14,7,13,000,2020,07,15,3,3,2,6,0,0,1,0,0,0,0,"737064,849799999970000","5696284,990000000200000",12.40592500400004,51.36825783300003,0,1,1,1,Nordost
227547,14200804148110642590,14,7,13,000,2020,08,09,3,3,3,2,0,1,1,0,0,0,0,"735469,337399999610000","5697586,775299999900000",12.383907600000043,51.38060655100003,0,9,9,9,Nord
227555,14200719144200648090,14,7,13,000,2020,07,00,1,3,5,3,2,0,1,0,0,0,0,"731936,391999999990000","5692286,335999999200000",12.32977362400004,51.334480032000045,0,7,7,7,Alt-West
227557,14200719144200617050,14,7,13,000,2020,07,17,1,3,4,6,0,1,0,0,0,0,0,"732206,128800000060000","5699084,948699999600000",12.338077869000074,51.395398973000056,0,8,8,8,Nordwest
227558,14200719144200593180,14,7,13,000,2020,07,21,1,3,5,2,2,1,1,0,0,0,0,"737562,600300000050000","5694608,501700000800000",12.411943076000057,51.35300177000005,0,1,1,1,Nordost
227567,14200803144200634850,14,7,13,000,2020,08,18,2,3,1,5,0,1,1,0,0,0,0,"734999,505300000310000","5696940,891899999200000",12.376741211000024,51.375003555000035,0,9,9,9,Nord
227577,14200813148310687700,14,7,13,000,2020,08,12,5,3,0,7,0,1,0,0,0,0,0,"728458,914800000380000","5690209,038699999500000",12.27860656200005,51.317239130000075,0,6,6,6,West
227579,14200811148110765620,14,7,13,000,2020,08,16,3,3,5,2,0,1,1,0,0,0,0,"737332,990899999630000","5694489,481200000300000",12.408572262000064,51.35202935900003,0,1,1,1,Nordost
227593,14200821149410690420,14,7,13,000,2020,08,18,6,3,5,3,0,1,1,0,0,0,0,"735279,283599999730000","5690886,566600000500000",12.37675267800006,51.320542181000064,0,4,4,4,Süd
227600,14200817148310683870,14,7,13,000,2020,08,16,2,3,4,6,0,1,0,0,0,0,0,"733030,920800000430000","5691141,587099999200000",12.344709927000054,51.32375661800006,0,5,5,5,Südwest
227603,14200807148410657370,14,7,13,000,2020,08,21,6,3,6,3,2,0,1,1,0,0,0,"734787,290199999700000","5693006,585599999900000",12.37110141200003,51.33977557500003,0,0,0,0,Mitte