OBJECTID,UIDENTSTLAE,ULAND,UREGBEZ,UKREIS,UGEMEINDE,UJAHR,UMONAT,USTUNDE,UWOCHENTAG,UKATEGORIE,UART,UTYP1,ULICHTVERH,IstRad,IstPKW,IstFuss,IstKrad,IstGkfz,IstSonstige,LINREFX,LINREFY,XGCSWGS84,YGCSWGS84,STRZUSTAND,index_right,FID,SBZ,Name
227605,14200808148410741000,14,7,13,000,2020,08,21,7,3,0,7,2,1,0,0,0,0,0,"735001,133100000210000","5692246,168600000400000",12.373664456000029,51.33286145100004,0,0,0,0,Mitte
227606,14200819144200742510,14,7,13,000,2020,08,11,4,2,3,5,0,1,1,0,0,0,0,"726932,694899999540000","5693126,192900000100000",12.258599704000062,51.34403837200006,0,7,7,7,Alt-West
227607,14200807144200652140,14,7,13,000,2020,08,19,6,3,5,3,1,1,1,0,0,0,0,"739179,049200000240000","5691008,409199999600000",12.432697303000054,51.320010093000064,0,3,3,3,Südost
227611,14200807144200652130,14,7,13,000,2020,08,16,6,3,5,3,0,0,1,0,1,0,0,"729748,035899999550000","5689861,550400000100000",12.296850077000045,51.31360072200005,0,6,6,6,West
227612,14200814144200665560,14,7,13,000,2020,08,21,6,3,5,3,2,1,1,0,0,0,0,"742272,864500000140000","5694562,924100000400000",12.479429594000067,51.350604571000076,1,2,2,2,Ost
227614,14200807143263730841,14,7,13,000,2020,08,10,6,3,3,6,0,1,0,0,0,0,0,"735696,024500000290000","5691808,086500000200000",12.383331887000054,51.32864157100005,0,0,0,0,Mitte
227615,14200812144200660330,14,7,13,000,2020,08,18,4,3,5,3,0,0,1,0,0,0,1,"736744,519899999720000","5688567,571499999600000",12.396203597000067,51.29911869700004,0,4,4,4,Süd
227617,14200810144200660270,14,7,13,000,2020,08,13,2,3,5,2,0,1,0,0,0,1,0,"732390,785799999720000","5691542,526399999900000",12.335800153000037,51.32761756800005,0,5,5,5,Südwest
227619,14200814144200670200,14,7,13,000,2020,08,10,6,3,5,3,0,0,1,0,0,0,0,"735404,331199999900000","5691391,972200000700000",12.378877738000028,51.32502716400006,0,0,0,0,Mitte
227623,14200808148410690160,14,7,13,000,2020,08,10,7,3,5,2,0,1,1,0,0,0,0,"735011,201299999840000","5692126,006100000800000",12.373729473000026,51.33177866600005,0,0,0,0,Mitte
227628,14200818144320711570,14,7,13,000,2020,08,11,3,3,5,3,0,0,1,0,0,0,0,"734749,571999999690000","5693854,164999999100000",12.371119614000065,51.34739935500005,0,0,0,0,Mitte
227633,14200813148310663960,14,7,13,000,2020,08,09,5,3,1,3,0,1,1,0,0,0,0,"727400,647800000380000","5689733,812799999500000",12.263142912000035,51.31339668500004,0,6,6,6,West
227634,14200808144200654500,14,7,13,000,2020,08,12,7,3,5,3,0,1,1,0,0,0,0,"727375,210799999540000","5690950,372500000500000",12.263554260000035,51.32432840600006,0,6,6,6,West
227635,14200811148110654590,14,7,13,000,2020,08,01,3,3,1,1,2,0,1,0,0,0,0,"733848,519899999720000","5697151,717800000700000",12.360371875000055,51.37737111200005,0,9,9,9,Nord
227646,14200820144200680180,14,7,13,000,2020,08,16,5,3,5,3,0,0,1,0,0,0,1,"731819,819000000130000","5691651,816999999800000",12.327690285000074,51.328831603000026,0,5,5,5,Südwest
227651,14200815144200879000,14,7,13,000,2020,08,13,7,3,3,6,0,1,1,0,0,0,0,"738669,911799999890000","5697599,024900000500000",12.429823058000068,51.37938028800005,0,1,1,1,Nordost
227652,14200821148410712020,14,7,13,000,2020,08,16,6,3,3,3,0,0,1,0,0,0,1,"733540,718000000340000","5694190,001000000200000",12.354012220000072,51.35091189600007,0,0,0,0,Mitte
227656,14200812148310685840,14,7,13,000,2020,08,07,4,3,1,1,0,0,1,0,0,0,0,"731685,377799999900000","5693352,013100000100000",12.326869689000034,51.34414872100007,0,7,7,7,Alt-West
227658,14200810148110657240,14,7,13,000,2020,08,11,2,3,5,3,0,1,1,0,0,0,0,"734457,723000000230000","5695074,221500000000000",12.367740037000033,51.35847152600007,0,9,9,9,Nord
227659,14200817143263787720,14,7,13,000,2020,08,18,2,3,1,5,0,1,0,0,0,0,1,"733789,168899999930000","5695704,069100000000000",12.358568645000048,51.364400784000054,0,9,9,9,Nord
227662,14200817148410699360,14,7,13,000,2020,08,12,2,3,2,6,0,0,1,0,0,1,0,"734743,232200000440000","5693850,310699999300000",12.371026199000028,51.34736737500003,0,0,0,0,Mitte
227667,14200819148310678350,14,7,13,000,2020,08,16,4,3,0,1,0,1,0,0,0,0,0,"727886,780000000260000","5689675,267999999200000",12.270069204000038,51.312676675000034,0,6,6,6,West
227674,14200806148410645700,14,7,13,000,2020,08,15,5,3,6,6,0,1,0,1,0,0,0,"737232,217400000430000","5692153,079900000200000",12.405571361000057,51.33109972700004,0,3,3,3,Südost
227677,14200814148310701950,14,7,13,000,2020,08,14,6,3,5,2,0,1,1,0,0,0,0,"731160,395999999720000","5691922,356399999900000",12.318417062000037,51.331528551000076,0,7,7,7,Alt-West
227679,14200806148210645590,14,7,13,000,2020,08,12,5,3,0,1,0,1,0,0,0,0,0,"738355,786399999630000","5690895,729499999400000",12.420829161000029,51.31934411300006,0,3,3,3,Südost
227682,14200819144200678160,14,7,13,000,2020,08,17,4,2,8,1,0,0,0,0,1,0,0,"737805,213999999690000","5695001,602800000500000",12.415683605000027,51.356428777000076,0,1,1,1,Nordost
227684,14200818144200680160,14,7,13,000,2020,08,08,3,2,5,3,0,1,0,0,0,0,0,"728631,311999999920000","5689694,879000000700000",12.280746694000072,51.31255415100003,0,6,6,6,West
227689,14200820148120699180,14,7,13,000,2020,08,12,5,3,5,3,0,1,1,0,0,0,0,"734675,368400000040000","5698820,154400000300000",12.373333654000021,51.392006440000046,0,9,9,9,Nord
227690,14200806148110668660,14,7,13,000,2020,08,16,5,3,2,6,0,0,1,0,0,0,1,"735705,399100000040000","5694471,807199999700000",12.385229073000062,51.352547978000075,0,0,0,0,Mitte
227691,14200813145200715070,14,7,13,000,2020,08,20,5,3,5,3,1,1,0,0,1,0,0,"732490,300200000410000","5691929,978199999800000",12.33747876800004,51.33105495600006,1,5,5,5,Südwest
227697,14200811148210667260,14,7,13,000,2020,08,18,3,3,5,3,0,1,1,0,0,0,0,"735183,983799999580000","5688995,654100000900000",12.374140864000026,51.303607974000045,0,4,4,4,Süd
227699,14200806144200652160,14,7,13,000,2020,08,21,5,2,6,4,2,0,0,1,0,0,1,"738554,654600000010000","5690969,544700000400000",12.423727188000043,51.31992334300003,0,3,3,3,Südost
227702,14200806144200648110,14,7,13,000,2020,08,16,5,3,5,3,0,1,1,0,0,0,1,"735582,168999999760000","5695442,563999999300000",12.384105264000027,51.36131282800005,0,9,9,9,Nord
227710,14200821144200693050,14,7,13,000,2020,08,17,6,3,5,2,0,1,0,0,0,0,1,"733921,412399999800000","5696789,946100000300000",12.36117930100005,51.374093671000026,0,9,9,9,Nord
227712,14200814144200665570,14,7,13,000,2020,08,10,6,2,6,4,0,0,1,1,0,0,0,"735286,360999999570000","5690665,725600000500000",12.376708346000044,51.31855690200007,0,4,4,4,Süd
227722,14200817148410670310,14,7,13,000,2020,08,09,2,3,1,1,0,1,1,0,0,0,0,"734822,204199999570000","5694561,705700000700000",12.372627478000027,51.35372050600006,0,0,0,0,Mitte
227728,14200819148210690070,14,7,13,000,2020,08,13,4,3,0,1,0,1,0,0,0,0,0,"735016,702399999830000","5687711,395899999900000",12.370899997000038,51.29214895000007,0,4,4,4,Süd
227731,14200818148110685780,14,7,13,000,2020,08,16,3,3,5,3,0,1,1,0,0,0,0,"736464,668899999930000","5699873,844499999700000",12.39970728000003,51.40072181000005,0,9,9,9,Nord
227735,14200812144200668560,14,7,13,000,2020,08,13,4,2,5,3,0,1,1,0,0,0,0,"735549,625199999660000","5697391,386499999100000",12.384929731000057,51.378819400000054,0,9,9,9,Nord
227737,14200810144200670180,14,7,13,000,2020,08,22,2,3,5,3,2,1,1,0,0,0,0,"735045,653300000350000","5692579,038799999300000",12.374521997000045,51.33583102400007,0,0,0,0,Mitte
227753,14200813148310663990,14,7,13,000,2020,08,16,5,3,1,7,0,0,0,1,0,0,1,"732257,527200000360000","5692599,207800000900000",12.334579574000031,51.337157552000065,0,7,7,7,Alt-West
227755,14200811148110660410,14,7,13,000,2020,08,07,3,3,5,3,0,1,0,0,0,0,0,"737174,550999999980000","5698412,875000000000000",12.40891814500003,51.387311931000056,0,1,1,1,Nordost
227766,14200820144200703840,14,7,13,000,2020,08,00,5,2,0,1,2,1,0,0,0,0,0,"735962,248800000180000","5688505,982799999400000",12.38496192100007,51.29889053000005,0,4,4,4,Süd
227771,14200815148410668780,14,7,13,000,2020,08,20,7,3,5,3,0,1,1,0,0,0,0,"734401,134600000460000","5692971,211799999700000",12.36554394600006,51.33961735100007,0,0,0,0,Mitte
227776,14200812148322665660,14,7,13,000,2020,08,08,4,3,5,3,0,1,1,0,0,0,0,"734785,447999999860000","5692625,200999999400000",12.370823629000029,51.33635287300007,0,0,0,0,Mitte
227778,14200810148410654810,14,7,13,000,2020,08,13,2,3,1,5,0,1,1,0,0,0,0,"735396,746399999600000","5690955,517699999700000",12.378480892000027,51.32111253200003,0,4,4,4,Süd
227780,14200814148410665670,14,7,13,000,2020,08,23,6,3,5,3,2,0,1,0,1,0,0,"737374,043600000440000","5693158,320699999100000",12.408273260000044,51.34006366600005,1,2,2,2,Ost
227789,14200819148310678360,14,7,13,000,2020,08,21,4,3,5,3,2,1,1,0,0,0,0,"732965,455099999900000","5692080,485799999900000",12.344385719000059,51.33221160700003,0,5,5,5,Südwest
227797,14200805148410693570,14,7,13,000,2020,08,19,4,3,0,7,0,1,0,0,0,0,0,"734129,507100000050000","5692834,514900000800000",12.36156126000003,51.338502195000046,0,0,0,0,Mitte
227800,14200811148410657360,14,7,13,000,2020,08,06,3,3,3,2,0,1,1,0,0,0,0,"736238,197700000370000","5694038,184299999800000",12.392579015000024,51.348434506000046,0,0,0,0,Mitte
227803,14200819144200693070,14,7,13,000,2020,08,14,4,3,2,6,0,0,1,0,0,0,1,"734379,862399999980000","5693783,930600000500000",12.365774008000074,51.34692144500008,0,0,0,0,Mitte
227805,14200818144200911870,14,7,13,000,2020,08,01,3,3,3,7,2,1,1,0,0,0,0,"735093,308500000280000","5694824,645500000600000",12.376687656000058,51.35596866800006,0,0,0,0,Mitte
227810,14200805148410645710,14,7,13,000,2020,08,16,4,3,5,3,0,1,1,0,0,0,0,"734585,503899999890000","5692062,739800000600000",12.367588019000038,51.331386483000074,0,0,0,0,Mitte
227811,14200813148110663830,14,7,13,000,2020,08,12,5,3,2,5,0,0,1,0,0,0,0,"737159,056800000370000","5695979,937400000200000",12.407072475000064,51.36548035200008,0,1,1,1,Nordost
227817,14200805144200693120,14,7,13,000,2020,08,16,4,2,6,6,0,1,0,1,0,0,0,"733202,958399999890000","5691712,305099999500000",12.347548065000069,51.32880926100006,0,5,5,5,Südwest
227820,14200822148410690150,14,7,13,000,2020,08,12,7,2,0,7,0,0,0,1,0,0,1,"734790,607900000180000","5693611,131799999600000",12.371547545000055,51.34520084900004,0,0,0,0,Mitte
227827,14200815144200835440,14,7,13,000,2020,08,20,7,3,5,3,2,0,1,0,0,0,0,"736176,315600000320000","5691046,217700000900000",12.38970858700003,51.32160365300007,0,0,0,0,Mitte
227828,14200821144200803890,14,7,13,000,2020,08,09,6,2,1,2,0,0,1,0,1,0,0,"737508,125500000080000","5697091,901799999200000",12.412820518000046,51.37531549000005,0,1,1,1,Nordost
227830,14200814144200665590,14,7,13,000,2020,08,12,6,3,5,3,0,0,1,0,0,0,1,"726962,708700000310000","5690506,214600000500000",12.257361072000037,51.32050570200005,0,6,6,6,West
227839,14200810662222655420,14,7,13,000,2020,08,15,2,3,2,6,0,0,1,0,0,0,0,"735332,018799999730000","5692619,820699999100000",12.37865258200003,51.33607867400008,0,0,0,0,Mitte
227840,14200817148410675530,14,7,13,000,2020,08,11,2,3,3,6,0,0,1,0,1,0,0,"734765,182900000360000","5693947,504400000000000",12.37140493000004,51.348230759000046,0,0,0,0,Mitte
227845,14200819148210717260,14,7,13,000,2020,08,10,4,3,3,2,0,1,1,0,0,0,0,"734724,548700000160000","5690561,261800000400000",12.368591723000065,51.31785119300008,0,4,4,4,Süd
227851,14200810144200696090,14,7,13,000,2020,08,09,2,3,3,7,0,1,0,0,0,0,1,"736438,002999999560000","5689316,905999999500000",12.392311121000034,51.30597226400005,0,4,4,4,Süd
227853,14200814148110667250,14,7,13,000,2020,08,08,6,3,9,7,0,0,0,0,0,1,0,"740440,228799999690000","5698980,090099999700000",12.45614873900007,51.39102928300008,1,1,1,1,Nordost
227858,14200819143263751220,14,7,13,000,2020,08,14,4,3,0,1,0,1,0,0,1,0,0,"735447,003800000060000","5693217,748999999800000",12.380695571000047,51.341398275000074,0,0,0,0,Mitte
227861,14200818143263891610,14,7,13,000,2020,08,13,3,3,5,2,0,1,1,0,0,0,0,"735564,917000000370000","5692151,086899999500000",12.381680135000067,51.33177475700006,1,0,0,0,Mitte
227865,14200820144200762170,14,7,13,000,2020,08,12,5,3,5,3,0,1,1,0,1,0,0,"737194,563799999650000","5690806,512599999100000",12.404135860000054,51.31902849100004,0,0,0,0,Mitte
227868,14200826148410731370,14,7,13,000,2020,08,15,4,3,1,5,0,0,1,0,0,0,1,"735507,299800000150000","5694304,159199999600000",12.382278343000053,51.351125238000066,0,0,0,0,Mitte
227869,14200904148310719860,14,7,13,000,2020,09,15,6,3,1,7,0,0,1,0,0,0,0,"732399,177699999880000","5692896,535900000500000",12.336803577000069,51.33976871500005,0,7,7,7,Alt-West
227870,14200905148210721460,14,7,13,000,2020,09,15,7,3,0,7,0,0,0,0,1,0,0,"738224,887000000100000","5690686,096999999100000",12.418814074000068,51.31751726700003,1,3,3,3,Südost
227873,14200904148110719800,14,7,13,000,2020,09,13,6,2,0,1,0,1,0,0,0,0,0,"734631,721800000410000","5695379,180900000000000",12.370435834000034,51.36113714100003,0,9,9,9,Nord
227875,14200826144200711470,14,7,13,000,2020,08,14,4,3,5,3,0,1,1,0,0,0,0,"734829,651700000280000","5694553,026499999700000",12.372728517000041,51.35363952100005,0,0,0,0,Mitte
227876,14200904144200745990,14,7,13,000,2020,09,09,6,3,5,3,0,1,1,0,0,0,0,"734785,447999999860000","5692625,200999999400000",12.370823629000029,51.33635287300007,0,0,0,0,Mitte
227880,14200904144200742530,14,7,13,000,2020,09,10,6,3,5,3,0,1,1,0,0,0,0,"734286,719700000250000","5692752,033800000300000",12.363760046000039,51.33769705800006,0,0,0,0,Mitte
227882,14200904144200721370,14,7,13,000,2020,09,16,6,3,5,3,0,0,1,0,0,0,0,"735498,843299999830000","5692041,609500000300000",12.380661029000066,51.33081941200004,0,0,0,0,Mitte
227883,14200904144200719770,14,7,13,000,2020,09,21,6,3,2,6,2,0,0,0,0,0,1,"735408,439600000160000","5689506,859300000600000",12.377692307000075,51.30810399600006,0,4,4,4,Süd
227884,14200904143263792160,14,7,13,000,2020,09,06,6,3,5,3,1,1,1,0,0,0,0,"735780,394000000320000","5695201,629000000700000",12.386787716000072,51.359067923000055,0,9,9,9,Nord
227893,14200907144200734060,14,7,13,000,2020,09,18,2,3,5,3,0,1,1,0,0,0,0,"734407,611100000330000","5692966,899199999900000",12.365633926000044,51.339575970000055,0,0,0,0,Mitte
227899,14200905144200721360,14,7,13,000,2020,09,14,7,3,5,2,0,1,1,0,0,0,0,"735021,048899999820000","5692401,105900000800000",12.374052034000044,51.334243998000034,0,0,0,0,Mitte
227900,14200908144200730940,14,7,13,000,2020,09,07,3,3,2,2,0,0,1,0,0,0,0,"737129,874800000340000","5691842,795900000300000",12.403898514000048,51.32835725700005,0,3,3,3,Südost
227903,14200903148110731051,14,7,13,000,2020,09,09,5,3,5,3,0,1,1,0,0,0,0,"734138,824900000360000","5695548,781099999300000",12.363480222000021,51.36286286400008,0,9,9,9,Nord
227905,14200903144200751380,14,7,13,000,2020,09,11,5,2,5,3,0,0,1,0,0,0,0,"735739,278099999760000","5695363,907999999800000",12.386305759000038,51.36054163500006,0,9,9,9,Nord
227908,14200903144200717160,14,7,13,000,2020,09,08,5,3,6,2,0,0,1,1,0,0,0,"737277,724200000060000","5693655,526799999200000",12.407224189000033,51.34456681700004,0,2,2,2,Ost
227909,14200903144200717150,14,7,13,000,2020,09,15,5,3,5,2,0,1,1,0,0,0,0,"731310,309200000020000","5693991,242399999900000",12.321908965000034,51.35003969700006,0,7,7,7,Alt-West
227927,14200825148423693590,14,7,13,000,2020,08,10,3,3,5,3,0,1,1,0,0,0,0,"733080,273199999700000","5694122,022099999700000",12.347367123000026,51.35049066800008,0,0,0,0,Mitte
227934,14200825148110703890,14,7,13,000,2020,08,13,3,3,1,6,0,0,1,0,0,0,0,"733179,503200000150000","5695858,918600000400000",12.349927932000071,51.36604134600003,0,8,8,8,Nordwest
227935,14200902148310717270,14,7,13,000,2020,09,08,4,3,5,2,0,1,1,0,0,0,0,"731021,764000000430000","5693987,025000000400000",12.317769817000055,51.35011918200007,0,7,7,7,Alt-West
227936,14200825144200696160,14,7,13,000,2020,08,11,3,3,3,2,0,0,1,0,0,0,0,"737962,871899999680000","5689235,062899999300000",12.414093163000075,51.304602345000035,0,3,3,3,Südost
227938,14200825144200693090,14,7,13,000,2020,08,09,3,2,5,3,0,1,1,0,0,0,0,"730748,553000000310000","5685497,162000000500000",12.308361601000058,51.27401672800005,0,5,5,5,Südwest
227939,14200902148210724580,14,7,13,000,2020,09,14,4,3,5,3,0,1,0,0,0,0,0,"738578,066499999720000","5690975,491200000000000",12.424066530000061,51.31996690400007,0,3,3,3,Südost
227943,14200902148121795451,14,7,13,000,2020,09,12,4,2,0,3,0,0,1,0,0,0,1,"736706,544999999930000","5689657,495999999300000",12.396382717000051,51.30891788900004,0,4,4,4,Süd
227945,14200902148110717210,14,7,13,000,2020,09,05,4,3,1,5,2,0,0,0,0,1,0,"738806,901600000450000","5695731,751399999500000",12.430533682000032,51.362562437000065,0,1,1,1,Nordost
227946,14200902144200714992,14,7,13,000,2020,09,11,4,2,9,1,0,0,1,0,1,0,0,"736985,110799999910000","5696936,326500000400000",12.405215722000037,51.37413752300006,0,1,1,1,Nordost
227951,14200902144100717140,14,7,13,000,2020,09,17,4,3,0,1,0,1,0,0,0,0,0,"733121,094899999910000","5691708,473999999500000",12.346372588000065,51.328808424000044,0,5,5,5,Südwest
227957,14200907148223079900,14,7,13,000,2020,09,10,2,3,6,7,0,0,0,1,0,1,0,"738648,980999999680000","5689261,225299999100000",12.423935543000027,51.30455001300004,0,3,3,3,Südost
227975,14200901662211715320,14,7,13,000,2020,09,10,3,2,0,7,0,1,0,0,0,0,0,"734749,223699999970000","5691052,757799999800000",12.369268758000032,51.32225290400004,0,4,4,4,Süd
227981,14200906148210742580,14,7,13,000,2020,09,17,1,3,2,6,0,0,1,0,0,0,0,"737899,224499999550000","5691402,042799999900000",12.414627019000022,51.32407984300005,0,3,3,3,Südost
227982,14200901148410734510,14,7,13,000,2020,09,16,3,3,3,6,0,0,1,0,0,0,0,"735053,814899999650000","5692573,534000000000000",12.374635322000074,51.335778237000056,0,0,0,0,Mitte
227983,14200901148410734500,14,7,13,000,2020,09,12,3,3,5,2,0,1,1,0,0,0,0,"735766,035500000230000","5692887,614800000600000",12.385049318000029,51.33830271200003,0,0,0,0,Mitte
227985,14200901144200790070,14,7,29,260,2020,09,07,3,2,0,1,0,1,0,0,0,1,0,"735050,425800000320000","5687793,931500000900000",12.371437122000032,51.292875914000035,1,4,4,4,Süd
227989,14200901144200734040,14,7,13,000,2020,09,13,3,2,5,3,0,1,1,0,0,0,0,"739939,384999999780000","5698063,206800000700000",12.448344165000037,51.38301163600005,0,1,1,1,Nordost
227993,14200906144200730910,14,7,13,000,2020,09,12,1,3,2,2,0,0,1,0,1,0,0,"734446,692699999550000","5693788,685499999700000",12.366735066000047,51.34693657100007,0,0,0,0,Mitte
228016,14200907144200772160,14,7,13,000,2020,09,14,2,2,0,7,0,1,0,0,0,0,0,"735763,070600000210000","5692887,717599999200000",12.38500689700004,51.338304864000065,0,0,0,0,Mitte
228021,14200824662242697200,14,7,13,000,2020,08,18,2,3,0,1,0,1,0,0,0,0,0,"735183,766999999990000","5688966,152000000700000",12.374118320000036,51.30334324000006,0,4,4,4,Süd
228022,14200831148410721530,14,7,13,000,2020,08,14,2,3,2,2,0,1,1,0,0,0,0,"735173,443799999540000","5693468,415100000800000",12.376940491000028,51.34376154700004,0,0,0,0,Mitte
228024,14200908144200762230,14,7,13,000,2020,09,09,3,3,5,3,0,0,1,0,0,0,0,"730888,744400000200000","5697232,474199999100000",12.317969851000043,51.37930716300008,0,8,8,8,Nordwest
228026,14200831148410719880,14,7,13,000,2020,08,16,2,2,0,1,0,1,0,0,0,0,0,"737224,718000000340000","5693305,121999999500000",12.40623105700007,51.341443679000065,1,2,2,2,Ost
228027,14200831148310711810,14,7,13,000,2020,08,10,2,3,5,3,0,1,1,0,0,0,0,"730305,991799999960000","5689868,570200000000000",12.304846915000041,51.31343824500004,0,5,5,5,Südwest
228029,14200831144200711530,14,7,13,000,2020,08,17,2,3,5,3,0,1,1,0,0,0,0,"734233,983300000430000","5692271,959499999900000",12.36268864300007,51.333409403000076,1,0,0,0,Mitte
228031,14200824148310711870,14,7,13,000,2020,08,17,2,3,3,6,0,1,1,0,0,0,0,"732168,461900000460000","5690987,985500000400000",12.332253476000062,51.322730353000054,0,5,5,5,Südwest
228034,14200907144200724460,14,7,13,000,2020,09,18,2,3,3,5,0,1,1,0,0,0,0,"732401,467100000010000","5691839,959100000600000",12.336147152000024,51.33028318000004,0,5,5,5,Südwest
228038,14200824148310699300,14,7,13,000,2020,08,16,2,3,6,6,0,0,1,1,0,0,0,"733520,952999999750000","5692270,883999999600000",12.352470437000022,51.33369294400006,0,0,0,0,Mitte
228049,14200824148213690100,14,7,13,000,2020,08,15,2,3,0,1,0,1,0,0,0,0,0,"735183,766999999990000","5688966,152000000700000",12.374118320000036,51.30334324000006,0,4,4,4,Süd
228056,14200824144200787830,14,7,13,000,2020,08,05,2,3,1,1,0,0,1,0,0,0,0,"735448,549499999730000","5690074,953099999600000",12.378641652000056,51.31318683300003,0,4,4,4,Süd
228057,14200830148423892130,14,7,13,000,2020,08,17,1,3,2,6,0,0,1,0,0,0,0,"733536,970900000070000","5694194,938300000500000",12.35396174400006,51.35095775500008,1,0,0,0,Mitte
228060,14200824144200706640,14,7,13,000,2020,08,19,2,3,5,3,0,1,1,0,0,0,0,"732846,515999999830000","5692082,391599999700000",12.342682629000024,51.33227741700006,0,5,5,5,Südwest
228061,14200830144200835460,14,7,13,000,2020,08,11,1,3,5,3,0,0,1,0,1,0,0,"731310,449300000440000","5693992,977000000000000",12.321912100000077,51.35005521200003,0,7,7,7,Alt-West
228062,14200907148410724650,14,7,13,000,2020,09,05,2,3,5,2,1,1,1,0,0,0,0,"735306,978500000200000","5693626,397700000600000",12.378958786000055,51.34512440100008,0,0,0,0,Mitte
228065,14200824144200696140,14,7,13,000,2020,08,20,2,3,6,4,2,0,1,1,0,0,0,"729773,495299999600000","5690045,787000000500000",12.297333450000053,51.31524435800003,0,6,6,6,West
228071,14200824144200696130,14,7,13,000,2020,08,16,2,3,5,3,0,1,1,0,0,0,0,"736685,646700000390000","5693032,093499999500000",12.39832390500004,51.339217578000046,0,3,3,3,Südost
228073,14200824144200693130,14,7,13,000,2020,08,23,2,2,5,3,2,1,0,0,0,0,1,"738211,385200000370000","5694640,067399999100000",12.421264428000029,51.35301356700006,0,1,1,1,Nordost
228076,14200907144200730930,14,7,13,000,2020,09,13,2,2,5,3,0,0,1,0,0,0,0,"735117,636400000190000","5693979,854299999800000",12.376478363000047,51.34837548100006,0,0,0,0,Mitte
228078,14200829145500746050,14,7,13,000,2020,08,02,7,2,0,7,2,1,0,0,0,0,0,"733349,791699999940000","5692108,601900000100000",12.349911444000043,51.33230645000003,0,5,5,5,Südwest
228095,14200828148410724680,14,7,13,000,2020,08,07,6,3,5,3,0,1,1,0,0,0,0,"736606,263799999840000","5690097,069499999300000",12.395238070000062,51.312905286000046,1,0,0,0,Mitte
228098,14200828148410702120,14,7,13,000,2020,08,10,6,3,2,6,0,0,1,0,0,0,0,"734852,262400000360000","5692091,169299999300000",12.37142909000005,51.33153160200004,0,0,0,0,Mitte
228099,14200828148310702000,14,7,13,000,2020,08,07,6,3,4,2,0,1,1,0,0,0,0,"731779,632399999540000","5691739,720400000000000",12.32717163500007,51.329637071000036,1,5,5,5,Südwest
228100,14200904148423734600,14,7,13,000,2020,09,22,6,3,5,2,2,1,1,0,0,0,0,"734294,959599999710000","5690897,130799999500000",12.36265867000003,51.32104314900005,0,4,4,4,Süd
228102,14200828148110706620,14,7,13,000,2020,08,11,6,3,2,6,0,0,1,0,1,0,0,"737147,056200000460000","5694331,445900000600000",12.405801646000043,51.35068843000005,0,1,1,1,Nordost
228103,14200828144200703850,14,7,13,000,2020,08,13,6,3,5,3,0,1,1,0,0,0,0,"730410,361299999990000","5690945,817700000500000",12.307037954000066,51.32306647900003,0,6,6,6,West
228109,14200904148410719920,14,7,13,000,2020,09,14,6,3,3,2,0,1,1,0,0,0,0,"735588,587899999690000","5692241,154500000200000",12.382078859000046,51.332573428000046,0,0,0,0,Mitte
228131,14200827148410702070,14,7,13,000,2020,08,17,5,3,6,4,0,1,0,1,0,0,0,"737361,855399999770000","5693900,091800000500000",12.408593027000052,51.34672692600003,0,2,2,2,Ost
228132,14200827148310701961,14,7,13,000,2020,08,08,5,3,4,6,0,0,1,0,1,0,0,"728701,468200000000000","5689649,402899999200000",12.281722473000059,51.312117715000056,1,6,6,6,West
228135,14200827148210699240,14,7,13,000,2020,08,16,5,3,5,3,0,1,1,0,0,0,0,"737333,001799999740000","5693072,039300000300000",12.407627598000033,51.33930632900007,0,2,2,2,Ost
228136,14200827148120699120,14,7,13,000,2020,08,05,5,3,1,1,1,0,1,0,0,0,0,"737049,536399999630000","5696257,606300000100000",12.405687158000035,51.36801842600005,0,1,1,1,Nordost
228137,14200907144200847080,14,7,13,000,2020,09,16,2,3,5,3,0,1,0,0,0,0,1,"735605,491200000050000","5695314,721200000500000",12.384354987000052,51.36015561000005,0,9,9,9,Nord
228138,14200827144200760040,14,7,13,000,2020,08,13,5,1,5,2,0,0,1,0,0,0,1,"735102,355999999680000","5694525,010999999900000",12.376619411000036,51.353275308000036,0,0,0,0,Mitte
228139,14200827144200701750,14,7,13,000,2020,08,10,5,3,6,4,0,0,0,1,0,0,1,"737874,444099999960000","5695121,768899999600000",12.416756418000034,51.357478409000066,0,1,1,1,Nordost
228140,14200827144200698960,14,7,13,000,2020,08,08,5,3,5,3,0,0,1,0,0,0,0,"735717,521900000050000","5690577,558199999900000",12.382826302000069,51.317587057000026,0,4,4,4,Süd
228143,14200908148110734180,14,7,13,000,2020,09,18,3,3,1,5,0,1,1,0,0,0,0,"734419,457399999720000","5695477,394400000600000",12.367457080000065,51.36210635500004,0,9,9,9,Nord
228150,14200907144200724470,14,7,13,000,2020,09,07,2,3,3,6,0,1,1,0,0,0,0,"733571,785600000060000","5696336,363199999600000",12.355866823000042,51.37016598200006,0,9,9,9,Nord