OBJECTID,UIDENTSTLAE,ULAND,UREGBEZ,UKREIS,UGEMEINDE,UJAHR,UMONAT,USTUNDE,UWOCHENTAG,UKATEGORIE,UART,UTYP1,ULICHTVERH,IstRad,IstPKW,IstFuss,IstKrad,IstGkfz,IstSonstige,LINREFX,LINREFY,XGCSWGS84,YGCSWGS84,STRZUSTAND,index_right,FID,SBZ,Name
228154,14200823148310715100,14,7,13,000,2020,08,23,1,3,0,7,2,1,0,0,0,0,0,"729988,452499999660000","5694274,603000000100000",12.303142499000046,51.353119793000076,0,7,7,7,Alt-West
228156,14200904148320772330,14,7,13,000,2020,09,02,6,3,0,7,2,1,0,0,0,0,0,"732325,624099999670000","5690613,773199999700000",12.334261251000044,51.31930698800005,1,5,5,5,Südwest
228173,14200911148410781680,14,7,13,000,2020,09,03,6,3,0,7,2,1,0,0,0,0,0,"733636,771200000310000","5691888,218200000000000",12.353879182000071,51.33021035500008,0,0,0,0,Mitte
228175,14200923148110783420,14,7,13,000,2020,09,15,4,3,5,3,0,1,1,0,0,0,0,"736383,982200000440000","5695701,029899999500000",12.395773274000021,51.36329985800006,0,9,9,9,Nord
228176,14200917144200758490,14,7,13,000,2020,09,07,5,3,5,3,0,1,0,0,0,0,1,"731733,905799999830000","5690574,666799999800000",12.325759066000046,51.31919720600007,0,5,5,5,Südwest
228179,14200911148310755060,14,7,13,000,2020,09,08,6,3,2,6,0,0,1,0,0,0,0,"730229,980000000450000","5692116,722899999500000",12.305209994000052,51.33365074000005,0,7,7,7,Alt-West
228182,14200911148310740970,14,7,13,000,2020,09,19,6,3,2,6,1,0,1,0,1,0,0,"732857,872899999840000","5690558,149900000500000",12.341849659000047,51.31859012800004,0,5,5,5,Südwest
228187,14200918148410764250,14,7,13,000,2020,09,10,6,3,1,1,0,1,1,0,0,0,0,"737166,917600000280000","5691667,321399999800000",12.404312478000065,51.32676673700007,0,3,3,3,Südost
228188,14200911148223746100,14,7,13,000,2020,09,17,6,3,6,2,0,0,1,1,0,0,0,"736714,052099999970000","5689342,116699999200000",12.396281015000056,51.306083855000054,0,4,4,4,Süd
228192,14200911148210746110,14,7,13,000,2020,09,16,6,3,0,7,0,1,0,0,0,0,0,"736962,522800000380000","5688659,055199999400000",12.399385763000055,51.299849203000065,0,4,4,4,Süd
228195,14200911144200807940,14,7,13,000,2020,09,07,6,3,5,3,0,0,1,0,0,0,0,"735764,464200000280000","5692887,669299999300000",12.385026836000065,51.33830385200008,0,0,0,0,Mitte
228201,14200921148410783570,14,7,13,000,2020,09,18,2,3,1,3,0,1,1,0,0,0,0,"736842,761900000270000","5692418,290699999800000",12.400167417000034,51.33364258700004,0,3,3,3,Südost
228204,14200915148120931280,14,7,13,000,2020,09,12,3,3,2,6,0,0,1,0,0,0,1,"737896,949099999850000","5695324,589299999200000",12.417214669000032,51.35928949300006,0,1,1,1,Nordost
228206,14200911144200754820,14,7,13,000,2020,09,18,6,3,5,3,0,1,1,0,0,0,0,"734991,211000000130000","5693929,998800000200000",12.374633266000046,51.34798023500008,0,0,0,0,Mitte
228207,14200915148110781450,14,7,13,000,2020,09,05,3,2,5,3,2,1,1,0,0,0,0,"737264,023099999870000","5694405,343499999500000",12.407527542000025,51.35130292800005,0,1,1,1,Nordost
228210,14200924144200802020,14,7,13,000,2020,09,14,5,3,5,3,0,0,1,0,0,0,0,"738135,167299999860000","5690519,857699999600000",12.417417948000036,51.31606265100004,0,3,3,3,Südost
228214,14200915144320950390,14,7,13,000,2020,09,19,3,3,4,6,0,1,0,0,0,0,1,"730802,517400000240000","5684319,118699999500000",12.308373644000028,51.26341948900006,0,5,5,5,Südwest
228216,14200921144200778450,14,7,13,000,2020,09,09,2,3,5,2,0,0,1,0,0,0,0,"739977,422500000340000","5701265,222600000000000",12.451054309000028,51.41173548900008,0,9,9,9,Nord
228222,14200917144200762250,14,7,13,000,2020,09,16,5,3,3,6,0,1,1,0,0,0,0,"737954,327999999750000","5693921,256999999300000",12.417099045000043,51.34666923200007,0,2,2,2,Ost
228223,14200919148310772370,14,7,13,000,2020,09,18,7,3,5,2,1,1,1,0,0,0,0,"731975,770999999720000","5693979,002000000300000",12.331440541000063,51.34965863700006,0,7,7,7,Alt-West
228229,14200915144200762220,14,7,13,000,2020,09,17,3,3,6,7,0,0,1,1,0,0,0,"736736,789699999620000","5688703,322100000500000",12.396182934000024,51.30034043900008,0,4,4,4,Süd
228230,14200916662222755970,14,7,13,000,2020,09,10,4,3,5,2,0,1,1,0,0,0,0,"735322,926199999640000","5692589,984200000800000",12.378502575000027,51.33581461400007,0,0,0,0,Mitte
228235,14200915144200758460,14,7,13,000,2020,09,09,3,3,5,2,0,1,1,0,0,0,0,"737770,543800000100000","5693736,649900000500000",12.414341598000021,51.34508909500005,0,2,2,2,Ost
228248,14200918144200807910,14,7,13,000,2020,09,06,6,3,5,3,0,1,1,0,0,0,0,"735084,690600000320000","5694954,326700000100000",12.376649783000062,51.35713629300005,0,0,0,0,Mitte
228258,14200920148210854630,14,7,13,000,2020,09,23,1,2,5,3,2,0,1,0,0,0,0,"742487,340200000440000","5691540,681299999400000",12.480446500000028,51.32338738100003,0,2,2,2,Ost
228271,14200922148410798220,14,7,13,000,2020,09,12,3,3,5,2,0,1,1,0,0,0,0,"735474,142500000070000","5693365,305600000500000",12.381182083000056,51.34271155000005,0,0,0,0,Mitte
228279,14200921148210001690,14,7,13,000,2020,09,22,2,3,0,7,2,0,0,0,0,0,1,"738203,796000000090000","5693723,973200000800000",12.420542647000048,51.344793957000036,0,2,2,2,Ost
228281,14200919144200765540,14,7,13,000,2020,09,23,7,1,5,3,2,0,1,0,0,0,1,"735012,787200000140000","5692062,479599999300000",12.373710301000074,51.33120777200003,0,0,0,0,Mitte
228286,14200922144200783460,14,7,13,000,2020,09,16,3,3,1,5,0,1,1,0,0,0,0,"738843,256900000390000","5691170,428899999700000",12.42799580600007,51.321605402000046,0,3,3,3,Südost
228289,14200916148410768390,14,7,13,000,2020,09,19,4,3,0,1,2,1,0,0,0,0,0,"732696,810700000260000","5692695,488199999600000",12.34093787300003,51.337842257000034,0,7,7,7,Alt-West
228293,14200918148410775650,14,7,13,000,2020,09,11,6,3,0,7,0,1,0,0,0,0,0,"734660,961900000460000","5692817,350099999500000",12.369166274000065,51.33812906300005,0,0,0,0,Mitte
228298,14200910148410768370,14,7,13,000,2020,09,10,5,3,5,3,0,1,0,0,0,0,1,"734569,808000000190000","5692131,366000000400000",12.367408290000071,51.332008975000065,0,0,0,0,Mitte
228301,14200917144200762150,14,7,13,000,2020,09,12,5,2,5,3,0,0,1,0,0,0,0,"734883,317300000230000","5694422,115299999700000",12.373411454000063,51.35244224100006,0,0,0,0,Mitte
228304,14200910148221788171,14,7,13,000,2020,09,06,5,3,3,6,1,1,1,0,0,0,0,"736726,985200000000000","5689339,529999999300000",12.396464508000065,51.30605525900006,0,4,4,4,Süd
228307,14200910144200737880,14,7,13,000,2020,09,16,5,3,5,3,0,1,1,0,0,0,0,"728752,741399999710000","5689378,017599999900000",12.28228290100003,51.309660817000065,0,6,6,6,West
228310,14200918144200775300,14,7,13,000,2020,09,15,6,3,5,3,0,1,1,0,0,0,0,"736065,093100000170000","5688533,059299999800000",12.386452398000074,51.299090955000054,0,4,4,4,Süd
228315,14200914148310751680,14,7,13,000,2020,09,20,2,3,2,6,2,0,1,0,0,0,0,"731085,239000000060000","5691870,777300000200000",12.317306640000027,51.33109606900007,0,7,7,7,Alt-West
228317,14200910144200737870,14,7,13,000,2020,09,22,5,2,4,6,2,1,0,0,0,0,0,"735000,862499999810000","5692248,483300000400000",12.37366210600004,51.332882340000026,0,0,0,0,Mitte
228318,14200914148222755050,14,7,13,000,2020,09,08,2,2,2,6,0,1,0,0,0,0,1,"736613,194500000220000","5690061,112099999600000",12.395313486000077,51.31257964400004,0,0,0,0,Mitte
228319,14200920144200765510,14,7,13,000,2020,09,15,1,3,5,3,0,1,1,0,0,0,0,"734282,095499999820000","5693503,203600000600000",12.364187921000052,51.34444181100008,0,0,0,0,Mitte
228320,14200910143263814920,14,7,13,000,2020,09,16,5,3,5,3,0,1,0,0,0,0,1,"740449,341099999850000","5694933,180800000200000",12.453542265000067,51.35470212700005,0,2,2,2,Ost
228325,14200914145500775390,14,7,13,000,2020,09,19,2,3,5,3,1,0,1,0,1,0,0,"734893,565000000410000","5693871,795299999400000",12.373195210000063,51.347498134000034,0,0,0,0,Mitte
228326,14200916148110758540,14,7,13,000,2020,09,17,4,3,4,2,0,1,1,0,0,0,0,"734117,842899999580000","5696469,574200000600000",12.36378557200004,51.37113694300007,0,9,9,9,Nord
228329,14200914144200876080,14,7,13,000,2020,09,22,2,3,1,7,2,1,1,0,0,0,0,"740157,773400000300000","5693910,389299999900000",12.44867262400004,51.34564517900003,0,2,2,2,Ost
228330,14200919148320772280,14,7,13,000,2020,09,11,7,3,5,2,0,1,1,0,0,0,0,"727247,590200000440000","5693205,624500000800000",12.263164214000028,51.34462568300006,0,7,7,7,Alt-West
228334,14200914144200765520,14,7,13,000,2020,09,13,2,2,3,6,0,0,1,0,0,0,1,"737139,349399999720000","5692937,075600000100000",12.404762557000026,51.338175672000034,0,2,2,2,Ost
228337,14200924144200807920,14,7,13,000,2020,09,20,5,3,4,2,2,1,1,0,0,0,0,"731026,800499999900000","5692071,336400000400000",12.316599279000059,51.332920208000075,0,7,7,7,Alt-West
228340,14200914144200762210,14,7,13,000,2020,09,15,2,3,2,6,0,0,1,0,0,0,0,"734014,412800000050000","5695602,577500000600000",12.361731699000075,51.36339701900005,0,9,9,9,Nord
228341,14200916145300754890,14,7,13,000,2020,09,13,4,3,5,3,0,1,0,0,0,0,0,"735162,281999999660000","5693388,012700000800000",12.37672741700004,51.34304444400004,0,0,0,0,Mitte
228342,14200921144200781290,14,7,13,000,2020,09,20,2,3,4,6,2,1,1,0,0,0,0,"735281,866700000130000","5691627,924100000400000",12.377278966000063,51.32719581100008,0,0,0,0,Mitte
228349,14200917144200772130,14,7,13,000,2020,09,15,5,3,5,3,0,1,1,0,0,0,0,"734287,804999999700000","5698407,703400000900000",12.367500883000048,51.388464243000044,0,9,9,9,Nord
228353,14200922148310783480,14,7,13,000,2020,09,13,3,3,5,2,0,1,1,0,0,0,0,"732266,153199999590000","5691202,996899999700000",12.333793152000055,51.32462059100004,0,5,5,5,Südwest
228355,14200914144200751370,14,7,13,000,2020,09,16,2,3,1,5,0,1,1,0,0,0,0,"735093,884300000030000","5689538,322000000600000",12.373208128000044,51.308516405000034,0,4,4,4,Süd
228356,14200916144200762200,14,7,13,000,2020,09,17,4,3,5,3,0,1,1,0,0,0,0,"731894,083999999800000","5690710,451099999200000",12.328142028000059,51.32035086700006,0,5,5,5,Südwest
228363,14200923144310792290,14,7,13,000,2020,09,15,4,3,5,2,0,0,1,0,0,0,0,"745556,001899999570000","5691485,570200000000000",12.524364485000035,51.32157676500003,0,2,2,2,Ost
228368,14200920148310765790,14,7,13,000,2020,09,16,1,2,2,6,0,0,1,0,1,0,0,"730793,125599999910000","5694864,092100000000000",12.315060983000023,51.35808539700008,0,7,7,7,Alt-West
228376,14200918144200807930,14,7,13,000,2020,09,15,6,2,5,2,0,1,1,0,0,0,0,"734127,707700000140000","5696536,758800000000000",12.363971291000041,51.37173595300004,0,9,9,9,Nord
228392,14200909148410742710,14,7,13,000,2020,09,12,4,3,5,2,0,1,1,0,0,0,0,"735972,183000000190000","5691620,022800000400000",12.387164101000053,51.32683897600003,0,0,0,0,Mitte
228395,14200909148410742640,14,7,13,000,2020,09,12,4,3,2,6,0,0,1,0,1,0,0,"736298,026800000110000","5692455,080299999600000",12.39238621000004,51.33419939000004,0,0,0,0,Mitte
228397,14200924144200792200,14,7,13,000,2020,09,09,5,3,5,3,0,1,0,0,0,0,1,"727208,695700000040000","5693565,109999999400000",12.262836096000058,51.347868464000044,0,7,7,7,Alt-West
228400,14200912148410742700,14,7,13,000,2020,09,21,7,3,5,3,2,1,1,0,0,0,0,"735111,764200000090000","5694207,540300000500000",12.376544572000057,51.35042169500008,0,0,0,0,Mitte
228402,14200916144200758450,14,7,13,000,2020,09,13,4,3,5,7,0,0,1,0,0,0,1,"737286,486100000330000","5692936,677699999900000",12.406870820000051,51.33811072600008,0,3,3,3,Südost
228403,14200921144000769100,14,7,13,000,2020,09,14,2,3,5,2,0,0,1,0,0,0,0,"734792,930399999950000","5692630,766899999200000",12.370934523000074,51.33639974600004,0,0,0,0,Mitte
228404,14200909148410738160,14,7,13,000,2020,09,21,4,3,3,5,2,1,1,0,0,0,0,"736978,534099999820000","5692280,276399999900000",12.402021113000046,51.33234720100006,0,3,3,3,Südost
228406,14200916144200758430,14,7,13,000,2020,09,15,4,3,0,7,0,1,0,0,0,0,0,"735151,640800000170000","5689171,760999999900000",12.373793742000032,51.30520214300003,0,4,4,4,Süd
228407,14200921148310768260,14,7,13,000,2020,09,09,2,3,2,2,0,0,1,1,0,0,0,"729938,228900000450000","5694331,882999999400000",12.302459473000056,51.353654316000075,0,7,7,7,Alt-West
228408,14200909148310758830,14,7,13,000,2020,09,14,4,3,3,2,0,1,1,0,0,0,0,"732391,911899999720000","5691545,423200000100000",12.335818176000032,51.32764311200003,0,5,5,5,Südwest
228409,14200919148223785220,14,7,13,000,2020,09,15,7,3,5,7,0,1,1,0,0,0,0,"734938,532899999990000","5687529,488900000200000",12.369661217000044,51.290548311000066,0,4,4,4,Süd
228410,14200909148310755100,14,7,13,000,2020,09,07,4,3,5,2,0,1,0,0,0,0,1,"729795,976300000210000","5694012,455000000100000",12.30021378500004,51.35084433500003,0,7,7,7,Alt-West
228413,14200922144200859250,14,7,13,000,2020,09,14,3,3,5,3,0,1,1,0,0,0,0,"736862,618400000040000","5693260,972600000000000",12.401012268000045,51.34119833900007,0,2,2,2,Ost
228416,14200916144200758420,14,7,13,000,2020,09,09,4,2,3,6,0,0,1,0,0,1,0,"735401,547199999910000","5694200,866900000700000",12.380694087000052,51.35024186100003,0,0,0,0,Mitte
228418,14200909148310734390,14,7,13,000,2020,09,08,4,3,5,2,0,1,1,0,0,0,0,"730066,077100000340000","5690054,718299999800000",12.301530390000039,51.31520633700006,0,6,6,6,West
228420,14200909144200746000,14,7,13,000,2020,09,18,4,3,6,4,0,0,0,1,0,0,1,"735783,848500000310000","5692875,262599999100000",12.385296415000028,51.33818445000003,0,0,0,0,Mitte
228421,14200923144200778470,14,7,13,000,2020,09,16,4,2,4,6,0,0,1,0,0,0,0,"736115,358599999920000","5689662,466700000700000",12.387919307000061,51.30920801800005,0,4,4,4,Süd
228424,14200913662211755950,14,7,13,000,2020,09,13,1,3,0,7,0,0,0,0,0,0,1,"735614,976300000210000","5696952,661200000000000",12.38557624200007,51.37485420000007,0,9,9,9,Nord
228426,14200917144200762240,14,7,13,000,2020,09,22,5,3,5,3,2,0,1,0,0,0,0,"732741,790000000040000","5692083,633600000300000",12.341182767000078,51.33233142800003,0,7,7,7,Alt-West
228429,14200909144200737860,14,7,13,000,2020,09,11,4,2,2,6,0,0,1,0,1,0,0,"735095,921900000420000","5694528,838600000400000",12.376529703000074,51.35331232800007,0,0,0,0,Mitte
228430,14200913148110754920,14,7,13,000,2020,09,14,1,3,5,7,0,0,1,0,1,0,0,"735686,639200000090000","5695845,018200000700000",12.385869821000028,51.36488202600003,0,9,9,9,Nord
228434,14200918144200798140,14,7,13,000,2020,09,09,6,3,5,3,0,0,1,0,1,0,0,"727672,444000000130000","5695242,807000000000000",12.270557540000027,51.36274410400006,0,7,7,7,Alt-West
228436,14200913144200746010,14,7,13,000,2020,09,17,1,3,2,6,0,0,1,0,0,0,0,"730409,015399999920000","5690959,209000000700000",12.307027326000025,51.32318723700007,0,6,6,6,West
228439,14200913144200742480,14,7,13,000,2020,09,00,1,3,6,7,2,0,0,1,0,0,1,"735587,228900000450000","5689392,439999999500000",12.38017728400007,51.30700296800006,0,4,4,4,Süd
228453,14200919148320785260,14,7,13,000,2020,09,15,7,3,5,3,0,1,1,0,0,0,0,"732549,646999999880000","5692619,202999999700000",12.338779025000065,51.33721766600007,0,7,7,7,Alt-West
228457,14200922148310783490,14,7,13,000,2020,09,12,3,3,5,3,0,1,1,0,0,0,0,"730436,142799999560000","5693930,129499999800000",12.309337793000054,51.34984614100006,0,7,7,7,Alt-West
228459,14200924148415792780,14,7,13,000,2020,09,12,5,3,0,1,0,1,0,0,0,0,0,"735165,625300000420000","5692698,237900000100000",12.376319898000077,51.336851402000036,0,0,0,0,Mitte
228460,14200917662211804360,14,7,13,000,2020,09,08,5,3,5,3,0,1,1,0,0,0,0,"735570,747299999930000","5695827,697000000600000",12.38419656700006,51.36477461100003,0,9,9,9,Nord
228471,14200917148110775460,14,7,13,000,2020,09,20,5,3,3,7,2,0,1,0,1,0,0,"734048,623700000350000","5695945,246899999700000",12.362447750000058,51.36645887900005,0,9,9,9,Nord
228472,14200922144100803850,14,7,13,000,2020,09,07,3,3,1,5,0,0,1,0,0,0,0,"739925,659900000320000","5691462,232999999100000",12.443697305000057,51.323769209000034,0,2,2,2,Ost
228478,14200930144310895050,14,7,13,000,2020,09,18,4,3,0,7,1,1,1,0,0,0,0,"735424,059000000360000","5689673,094100000300000",12.378025683000033,51.30958972500008,0,4,4,4,Süd
228480,14201009144200829260,14,7,13,000,2020,10,14,6,2,5,3,0,1,1,0,0,0,0,"734912,949199999680000","5690901,578099999600000",12.37151467700005,51.32082828000006,1,4,4,4,Süd
228481,14201001148413832840,14,7,13,000,2020,10,18,5,3,5,3,1,1,1,0,0,0,0,"734879,331500000320000","5694453,864700000700000",12.373375269000064,51.352728882000065,0,0,0,0,Mitte
228483,14200929148410838110,14,7,13,000,2020,09,19,3,3,3,5,2,1,1,0,0,0,0,"734831,402300000190000","5692888,178300000700000",12.371655535000059,51.338694489000034,0,0,0,0,Mitte
228484,14200929148410832830,14,7,13,000,2020,09,18,3,3,1,3,0,1,1,0,0,0,0,"737186,812900000250000","5693842,556500000900000",12.406045801000062,51.34628354100005,0,2,2,2,Ost
228487,14200929148210792490,14,7,13,000,2020,09,09,3,3,5,3,0,1,1,0,0,0,0,"735114,421000000090000","5688743,893999999400000",12.372978880000062,51.30137679300003,0,4,4,4,Süd
228488,14201002144200811020,14,7,13,000,2020,10,19,6,3,5,2,2,1,1,0,0,0,0,"737241,408900000150000","5692226,346100000700000",12.405751837000025,51.331753537000054,0,3,3,3,Südost
228493,14201001144200807900,14,7,13,000,2020,10,17,5,2,5,3,0,1,0,0,0,0,1,"735073,088600000370000","5689670,855499999600000",12.372997618000056,51.30971467000006,0,4,4,4,Süd
228495,14200929148110803550,14,7,13,000,2020,09,06,3,3,5,3,0,1,1,0,0,0,0,"738086,536299999800000","5697554,362600000600000",12.421425770000042,51.37922429900004,0,1,1,1,Nordost
228497,14201010148410819330,14,7,13,000,2020,10,15,7,3,5,3,0,1,1,0,0,0,0,"735751,451000000350000","5693379,209400000100000",12.385165714000038,51.34272144400006,0,0,0,0,Mitte
228498,14200929145500943320,14,7,13,000,2020,09,14,3,3,5,2,0,1,1,0,0,0,0,"736684,326200000010000","5693031,961400000400000",12.398304894000034,51.339216942000064,0,3,3,3,Südost
228503,14200929144200803880,14,7,13,000,2020,09,14,3,3,4,2,0,0,1,0,0,0,0,"741209,464700000360000","5696064,554400000700000",12.465205474000072,51.36453467900003,0,2,2,2,Ost
228504,14200930144200812410,14,7,13,000,2020,09,07,4,3,1,1,0,0,1,0,1,0,1,"730445,557000000030000","5692081,393899999600000",12.308276458000023,51.333246287000065,0,7,7,7,Alt-West
228506,14201009148410832820,14,7,13,000,2020,10,19,6,3,6,7,2,0,1,1,0,0,0,"735171,085900000300000","5693506,407900000000000",12.376931788000036,51.344103559000075,1,0,0,0,Mitte
228507,14200929144200795330,14,7,13,000,2020,09,11,3,3,5,3,0,0,1,0,1,0,0,"737741,152499999850000","5694928,429300000900000",12.414716333000058,51.35579877600003,0,1,1,1,Nordost
228508,14200929144200792240,14,7,13,000,2020,09,14,3,3,5,3,0,1,1,0,0,0,0,"728462,219200000170000","5691181,924499999700000",12.279277313000023,51.32597165900006,0,6,6,6,West
228509,14201004148210815000,14,7,13,000,2020,10,16,1,3,2,6,0,0,1,0,1,0,0,"738956,933699999940000","5691146,035499999300000",12.429607866000026,51.32133872400004,0,3,3,3,Südost
228511,14200929144200792220,14,7,13,000,2020,09,14,3,3,5,3,0,1,1,0,0,0,0,"732645,245400000360000","5696540,415100000800000",12.342712566000046,51.37237791200005,0,8,8,8,Nordwest
228517,14201003144200811010,14,7,13,000,2020,10,17,7,3,0,7,0,1,0,0,0,0,1,"737291,811099999580000","5692936,482899999200000",12.40694699900007,51.33810675600006,0,3,3,3,Südost
228519,14201007144200814940,14,7,13,000,2020,10,11,4,3,5,3,0,1,1,0,0,0,0,"727479,101999999960000","5689012,146900000100000",12.263806607000049,51.30688663800004,0,6,6,6,West
228522,14201007148310812480,14,7,13,000,2020,10,09,4,3,2,2,0,1,1,0,0,0,0,"732924,729399999600000","5691014,205299999600000",12.34310531500006,51.322656635000044,0,5,5,5,Südwest
228523,14201005144200811200,14,7,13,000,2020,10,16,2,3,5,3,0,1,1,0,0,0,0,"731711,326600000260000","5692299,996899999700000",12.326557227000023,51.334694401000036,0,7,7,7,Alt-West
228527,14201009144200819260,14,7,13,000,2020,10,21,6,3,5,3,2,1,1,0,0,0,0,"734905,335699999700000","5692083,884299999100000",12.372184767000022,51.33144429300006,1,0,0,0,Mitte
228528,14201001148113810900,14,7,13,000,2020,10,07,5,3,5,2,0,1,1,0,0,0,0,"735745,249699999580000","5695363,073499999900000",12.386390825000035,51.36053166700003,0,9,9,9,Nord
228535,14201002144200803520,14,7,13,000,2020,10,14,6,2,6,4,0,0,1,1,0,0,0,"739832,781899999830000","5693960,400800000900000",12.444048482000028,51.34623125400003,0,2,2,2,Ost
228542,14201008144200814930,14,7,13,000,2020,10,10,5,3,5,3,0,1,0,0,0,0,1,"736247,752799999900000","5694971,365299999700000",12.393335410000077,51.35680693300003,0,9,9,9,Nord
228543,14201001144100798130,14,7,13,000,2020,10,16,5,2,5,3,0,0,1,0,0,0,0,"735278,726400000040000","5690905,347500000100000",12.376757089000023,51.32071099600006,0,4,4,4,Süd
228550,14201008148410829510,14,7,13,000,2020,10,13,5,3,2,2,0,0,1,0,0,0,0,"734205,423100000250000","5692888,739000000100000",12.362684878000039,51.338957676000064,1,0,0,0,Mitte
228567,14200928144200787810,14,7,13,000,2020,09,18,2,3,5,3,0,1,1,0,0,0,0,"738365,712100000120000","5694875,956800000700000",12.423634666000055,51.355066185000055,0,1,1,1,Nordost
228569,14201003148110842770,14,7,13,000,2020,10,11,7,3,2,2,0,0,1,0,0,0,0,"737508,139399999750000","5694757,637700000800000",12.411261910000064,51.35436317500006,0,1,1,1,Nordost
228570,14201009148210832680,14,7,13,000,2020,10,15,6,3,2,6,0,0,1,0,0,0,0,"738231,098600000140000","5690697,582499999600000",12.418910720000042,51.317617760000076,1,3,3,3,Südost
228572,14201007148110819290,14,7,13,000,2020,10,17,4,3,5,3,0,1,1,0,0,0,0,"733709,830400000330000","5693400,692700000500000",12.355918316000043,51.34375714300006,1,0,0,0,Mitte
228582,14201009144200847120,14,7,13,000,2020,10,11,6,2,5,3,0,1,1,0,0,0,0,"734768,385400000030000","5694909,606399999900000",12.372085467000034,51.35686562300003,1,0,0,0,Mitte
228589,14201011148410835670,14,7,13,000,2020,10,19,1,3,3,5,2,1,1,0,0,0,0,"737154,835500000040000","5692700,288000000600000",12.404826840000055,51.33604378700005,1,3,3,3,Südost
228591,14201002148310811370,14,7,13,000,2020,10,13,6,3,2,6,0,1,1,0,0,0,0,"731826,536999999550000","5692170,104299999800000",12.328123728000037,51.33348143100005,0,7,7,7,Alt-West
228615,14201007148410815040,14,7,13,000,2020,10,09,4,3,6,6,0,0,1,1,0,0,0,"735173,135800000280000","5695120,119500000000000",12.378027383000074,51.35858790700007,0,0,0,0,Mitte
228617,14200927148110785090,14,7,13,000,2020,09,01,1,2,8,1,2,0,1,0,0,0,0,"738097,847199999730000","5697461,615399999500000",12.421525863000056,51.37838706900004,1,1,1,1,Nordost
228623,14201003144200811090,14,7,13,000,2020,10,11,7,3,5,3,0,1,1,0,0,0,0,"732715,608500000090000","5691934,678400000600000",12.34071031700006,51.33100501500007,0,5,5,5,Südwest
228626,14201007144200859230,14,7,13,000,2020,10,07,4,3,2,2,0,0,1,0,0,0,0,"739690,185800000090000","5692519,145999999700000",12.441034842000022,51.33335505900004,0,2,2,2,Ost
228629,14201005148121811330,14,7,13,000,2020,10,06,2,3,5,3,1,1,1,0,0,0,0,"736338,832799999970000","5692761,933000000200000",12.393174498000064,51.33693680700003,1,0,0,0,Mitte
228633,14201009144200829240,14,7,13,000,2020,10,07,6,2,5,2,0,1,1,0,0,0,0,"731532,360799999910000","5691626,413899999100000",12.323554880000074,51.328720634000035,1,7,7,7,Alt-West
228634,14201001148410819340,14,7,13,000,2020,10,18,5,3,5,3,1,1,1,0,0,0,0,"737661,815000000410000","5692649,742200000200000",12.41205797300006,51.33537845600006,0,2,2,2,Ost
228641,14201002144200810890,14,7,13,000,2020,10,10,6,3,5,3,0,1,1,0,0,0,0,"726594,370000000110000","5691388,416999999400000",12.252644619000023,51.328572473000065,0,6,6,6,West
228644,14200930148310811390,14,7,13,000,2020,09,08,4,3,6,3,0,0,1,1,0,0,0,"732394,841599999930000","5691691,892599999900000",12.335955660000025,51.32895673300004,0,5,5,5,Südwest
228649,14201008144200856950,14,7,13,000,2020,10,09,5,3,6,2,0,0,1,1,0,0,0,"737968,780100000090000","5693728,918600000400000",12.41717763500003,51.34493676100004,0,2,2,2,Ost
228652,14200926148410798230,14,7,13,000,2020,09,23,7,3,2,6,2,0,1,0,0,0,0,"735003,916500000280000","5691875,773299999500000",12.373460071000068,51.32953548800003,1,0,0,0,Mitte
228654,14201010144200835430,14,7,13,000,2020,10,04,7,2,0,7,2,1,0,0,0,0,1,"735975,330500000160000","5691626,079600000800000",12.38721320600007,51.32689203800004,1,0,0,0,Mitte
228655,14200926148310785250,14,7,13,000,2020,09,13,7,3,2,2,0,0,1,0,0,0,0,"733383,302699999880000","5690619,212200000900000",12.349416491000056,51.318923021000046,1,5,5,5,Südwest
228657,14201008148410845900,14,7,13,000,2020,10,09,5,3,5,2,0,1,1,0,0,0,0,"735012,836799999700000","5692060,972699999800000",12.373710018000054,51.33119422500005,0,0,0,0,Mitte
228660,14200926144200785000,14,7,13,000,2020,09,10,7,3,5,2,0,1,1,0,0,0,0,"734999,022499999960000","5692265,506400000300000",12.37364696700007,51.33303590600008,1,0,0,0,Mitte
228668,14200930148223812460,14,7,13,000,2020,09,14,4,3,6,4,0,0,1,1,0,0,0,"735320,487999999900000","5689555,540999999300000",12.376464816000066,51.30857734500006,0,4,4,4,Süd
228669,14201005148410838090,14,7,13,000,2020,10,12,2,3,6,4,0,0,0,1,0,0,1,"735286,020399999800000","5693691,474800000000000",12.378701397000043,51.34571722800007,1,0,0,0,Mitte